# SNID:                      ZTF18abtnbys             
# SPECTRUM_ID:               1
# SPECTRUM_MJD:              58374.46
# SPECTRUM_TELESCOPE:        P200
# SPECTRUM_INSTRUMENT:       DBSP
# SPECTRUM_STAT_SNR:         -9.00   
# SPECTRUM_SYS_SNR:          28.16   
# SPECTRUM_VEXP:             3.755e-03
# SPECTRUM_NLAM:             4198  
# SPECTRUM_INFILE:           ZTF18abtnbys_58374.46_DBSP.ascii
# -------------------------------------- #
#   WAVE     FLUX        FLUX_STATERR  FLUX_SYSERR 
    3600.00 -2.48050e-18 -9.90000e+01  1.16329e-17
    3601.53  4.31000e-18 -9.90000e+01  1.16095e-17
    3603.05  1.56230e-17 -9.90000e+01  1.15860e-17
    3604.57  9.73640e-18 -9.90000e+01  1.15624e-17
    3606.10  1.85060e-18 -9.90000e+01  1.15386e-17
    3607.62  9.93290e-18 -9.90000e+01  1.15147e-17
    3609.15  1.80540e-17 -9.90000e+01  1.14906e-17
    3610.68  3.24800e-17 -9.90000e+01  1.14664e-17
    3612.20  4.63270e-17 -9.90000e+01  1.14420e-17
    3613.72  3.04250e-17 -9.90000e+01  1.14175e-17
    3615.25  2.53020e-17 -9.90000e+01  1.13928e-17
    3616.78  2.07270e-17 -9.90000e+01  1.13679e-17
    3618.30  3.76500e-17 -9.90000e+01  1.13428e-17
    3619.82  2.85390e-17 -9.90000e+01  1.13176e-17
    3621.35  2.21950e-17 -9.90000e+01  1.12921e-17
    3622.88  2.15140e-17 -9.90000e+01  1.12665e-17
    3624.40  1.43440e-17 -9.90000e+01  1.12406e-17
    3625.93  1.21390e-17 -9.90000e+01  1.12145e-17
    3627.45  2.09070e-17 -9.90000e+01  1.11883e-17
    3628.97  2.57610e-17 -9.90000e+01  1.11618e-17
    3630.50  2.66870e-17 -9.90000e+01  1.11350e-17
    3632.03  2.56350e-17 -9.90000e+01  1.11081e-17
    3633.55  1.90940e-17 -9.90000e+01  1.10809e-17
    3635.07  1.57360e-17 -9.90000e+01  1.10536e-17
    3636.60  2.52830e-17 -9.90000e+01  1.10259e-17
    3638.12  1.99600e-17 -9.90000e+01  1.09981e-17
    3639.65  3.30870e-18 -9.90000e+01  1.09700e-17
    3641.18  1.69750e-17 -9.90000e+01  1.09417e-17
    3642.70  2.27430e-17 -9.90000e+01  1.09131e-17
    3644.22  3.40600e-17 -9.90000e+01  1.08844e-17
    3645.75  1.72160e-17 -9.90000e+01  1.08553e-17
    3647.28  5.00170e-18 -9.90000e+01  1.08261e-17
    3648.80  2.51650e-17 -9.90000e+01  1.07966e-17
    3650.32  1.25140e-17 -9.90000e+01  1.07669e-17
    3651.85  1.92810e-17 -9.90000e+01  1.07370e-17
    3653.38  3.58850e-17 -9.90000e+01  1.07068e-17
    3654.90  1.47850e-17 -9.90000e+01  1.06764e-17
    3656.43  4.03600e-17 -9.90000e+01  1.06458e-17
    3657.95  4.10670e-17 -9.90000e+01  1.06149e-17
    3659.47  3.88330e-17 -9.90000e+01  1.05839e-17
    3661.00  3.19140e-17 -9.90000e+01  1.05526e-17
    3662.53  2.22130e-17 -9.90000e+01  1.05211e-17
    3664.05  3.48190e-17 -9.90000e+01  1.04894e-17
    3665.57  9.23670e-18 -9.90000e+01  1.04575e-17
    3667.10  1.13430e-17 -9.90000e+01  1.04254e-17
    3668.62  1.24110e-17 -9.90000e+01  1.03931e-17
    3670.15  8.61590e-18 -9.90000e+01  1.03607e-17
    3671.68  3.19420e-18 -9.90000e+01  1.03280e-17
    3673.20  4.57290e-18 -9.90000e+01  1.02952e-17
    3674.72  1.65240e-17 -9.90000e+01  1.02621e-17
    3676.25  1.85760e-17 -9.90000e+01  1.02289e-17
    3677.78  2.14350e-17 -9.90000e+01  1.01955e-17
    3679.30  1.61940e-17 -9.90000e+01  1.01620e-17
    3680.82  3.25770e-18 -9.90000e+01  1.01283e-17
    3682.35  2.00330e-17 -9.90000e+01  1.00944e-17
    3683.88  1.49610e-17 -9.90000e+01  1.00604e-17
    3685.40  2.49380e-17 -9.90000e+01  1.00263e-17
    3686.92  2.65360e-17 -9.90000e+01  9.99196e-18
    3688.45  9.75480e-18 -9.90000e+01  9.95751e-18
    3689.97  7.77390e-18 -9.90000e+01  9.92291e-18
    3691.50  1.09120e-17 -9.90000e+01  9.88818e-18
    3693.03  1.92390e-17 -9.90000e+01  9.85332e-18
    3694.55  2.17340e-17 -9.90000e+01  9.81832e-18
    3696.07  1.77970e-17 -9.90000e+01  9.78320e-18
    3697.60  1.81010e-17 -9.90000e+01  9.74795e-18
    3699.12  1.03050e-17 -9.90000e+01  9.71258e-18
    3700.65  2.33880e-17 -9.90000e+01  9.67709e-18
    3702.18  1.09230e-17 -9.90000e+01  9.64148e-18
    3703.70  2.10270e-17 -9.90000e+01  9.60576e-18
    3705.22  1.98070e-17 -9.90000e+01  9.56992e-18
    3706.75  2.25670e-17 -9.90000e+01  9.53397e-18
    3708.28  9.38160e-18 -9.90000e+01  9.49791e-18
    3709.80  1.88480e-17 -9.90000e+01  9.46174e-18
    3711.32  1.76580e-17 -9.90000e+01  9.42546e-18
    3712.85  2.37850e-17 -9.90000e+01  9.38908e-18
    3714.38  2.49830e-17 -9.90000e+01  9.35260e-18
    3715.90  2.05010e-17 -9.90000e+01  9.31602e-18
    3717.43  2.12630e-17 -9.90000e+01  9.27934e-18
    3718.95  9.90890e-18 -9.90000e+01  9.24256e-18
    3720.47  2.45500e-17 -9.90000e+01  9.20570e-18
    3722.00  1.44880e-17 -9.90000e+01  9.16874e-18
    3723.53  7.20030e-18 -9.90000e+01  9.13170e-18
    3725.05  7.29940e-18 -9.90000e+01  9.09458e-18
    3726.57  4.07930e-18 -9.90000e+01  9.05738e-18
    3728.10  1.44500e-17 -9.90000e+01  9.02011e-18
    3729.62  1.00610e-17 -9.90000e+01  8.98277e-18
    3731.15  2.49060e-17 -9.90000e+01  8.94536e-18
    3732.68  2.20460e-17 -9.90000e+01  8.90790e-18
    3734.20  8.87990e-18 -9.90000e+01  8.87040e-18
    3735.72  8.07070e-18 -9.90000e+01  8.83284e-18
    3737.25  3.03830e-18 -9.90000e+01  8.79526e-18
    3738.78  2.37310e-17 -9.90000e+01  8.75764e-18
    3740.30  1.07190e-17 -9.90000e+01  8.72001e-18
    3741.82  2.03520e-17 -9.90000e+01  8.68236e-18
    3743.35  2.76130e-17 -9.90000e+01  8.64472e-18
    3744.88  2.63910e-17 -9.90000e+01  8.60710e-18
    3746.40  2.15140e-17 -9.90000e+01  8.56949e-18
    3747.93  2.47200e-17 -9.90000e+01  8.53192e-18
    3749.45  2.43830e-17 -9.90000e+01  8.49440e-18
    3750.97  3.61740e-17 -9.90000e+01  8.45695e-18
    3752.50  2.58500e-17 -9.90000e+01  8.41956e-18
    3754.03  2.45950e-17 -9.90000e+01  8.38227e-18
    3755.55  3.02020e-17 -9.90000e+01  8.34509e-18
    3757.07  2.76690e-17 -9.90000e+01  8.30802e-18
    3758.60  9.19910e-18 -9.90000e+01  8.27110e-18
    3760.12  1.31360e-17 -9.90000e+01  8.23433e-18
    3761.65  7.57830e-18 -9.90000e+01  8.19773e-18
    3763.18  1.44080e-17 -9.90000e+01  8.16132e-18
    3764.70  1.34170e-17 -9.90000e+01  8.12511e-18
    3766.22  1.24330e-17 -9.90000e+01  8.08913e-18
    3767.75  1.41100e-17 -9.90000e+01  8.05340e-18
    3769.28  1.67900e-17 -9.90000e+01  8.01793e-18
    3770.80  2.09400e-17 -9.90000e+01  7.98274e-18
    3772.32  2.64270e-17 -9.90000e+01  7.94785e-18
    3773.85  2.55800e-17 -9.90000e+01  7.91327e-18
    3775.37  1.89200e-17 -9.90000e+01  7.87904e-18
    3776.90  2.50540e-17 -9.90000e+01  7.84517e-18
    3778.43  1.30820e-17 -9.90000e+01  7.81166e-18
    3779.95  1.23540e-17 -9.90000e+01  7.77856e-18
    3781.47  1.56410e-17 -9.90000e+01  7.74586e-18
    3783.00  1.99240e-17 -9.90000e+01  7.71360e-18
    3784.53  2.17130e-17 -9.90000e+01  7.68178e-18
    3786.05  1.97170e-17 -9.90000e+01  7.65043e-18
    3787.57  1.26980e-17 -9.90000e+01  7.61955e-18
    3789.10  1.51080e-17 -9.90000e+01  7.58918e-18
    3790.62  1.54050e-17 -9.90000e+01  7.55931e-18
    3792.15  1.78680e-17 -9.90000e+01  7.52998e-18
    3793.68  1.26930e-17 -9.90000e+01  7.50118e-18
    3795.20  1.16900e-17 -9.90000e+01  7.47294e-18
    3796.72  2.15740e-17 -9.90000e+01  7.44526e-18
    3798.25  2.37590e-17 -9.90000e+01  7.41816e-18
    3799.78  2.35720e-17 -9.90000e+01  7.39165e-18
    3801.30  1.93310e-17 -9.90000e+01  7.36573e-18
    3802.82  2.62870e-17 -9.90000e+01  7.34042e-18
    3804.35  2.88350e-17 -9.90000e+01  7.31573e-18
    3805.88  1.80380e-17 -9.90000e+01  7.29166e-18
    3807.40  2.19870e-17 -9.90000e+01  7.26821e-18
    3808.93  2.25310e-17 -9.90000e+01  7.24539e-18
    3810.45  2.91030e-17 -9.90000e+01  7.22321e-18
    3811.97  3.34100e-17 -9.90000e+01  7.20167e-18
    3813.50  2.35640e-17 -9.90000e+01  7.18077e-18
    3815.03  2.66540e-17 -9.90000e+01  7.16050e-18
    3816.55  3.40350e-17 -9.90000e+01  7.14088e-18
    3818.07  2.11340e-17 -9.90000e+01  7.12190e-18
    3819.60  2.17000e-17 -9.90000e+01  7.10355e-18
    3821.12  1.41680e-17 -9.90000e+01  7.08584e-18
    3822.65  2.50990e-17 -9.90000e+01  7.06876e-18
    3824.18  2.79460e-17 -9.90000e+01  7.05230e-18
    3825.70  2.13080e-17 -9.90000e+01  7.03646e-18
    3827.22  2.39820e-17 -9.90000e+01  7.02123e-18
    3828.75  3.08800e-17 -9.90000e+01  7.00661e-18
    3830.28  2.86930e-17 -9.90000e+01  6.99259e-18
    3831.80  1.25700e-17 -9.90000e+01  6.97915e-18
    3833.32  2.10240e-17 -9.90000e+01  6.96630e-18
    3834.85  2.00130e-17 -9.90000e+01  6.95401e-18
    3836.38  1.32610e-17 -9.90000e+01  6.94229e-18
    3837.90  1.86350e-17 -9.90000e+01  6.93111e-18
    3839.43  1.23690e-17 -9.90000e+01  6.92047e-18
    3840.95  1.96620e-17 -9.90000e+01  6.91036e-18
    3842.47  2.48620e-17 -9.90000e+01  6.90077e-18
    3844.00  2.68790e-17 -9.90000e+01  6.89167e-18
    3845.53  2.84390e-17 -9.90000e+01  6.88307e-18
    3847.05  2.97530e-17 -9.90000e+01  6.87494e-18
    3848.57  2.13190e-17 -9.90000e+01  6.86728e-18
    3850.10  1.67920e-17 -9.90000e+01  6.86008e-18
    3851.62  1.70220e-17 -9.90000e+01  6.85331e-18
    3853.15  2.53410e-17 -9.90000e+01  6.84698e-18
    3854.68  2.71720e-17 -9.90000e+01  6.84106e-18
    3856.20  2.10350e-17 -9.90000e+01  6.83555e-18
    3857.72  2.63210e-17 -9.90000e+01  6.83043e-18
    3859.25  2.86840e-17 -9.90000e+01  6.82570e-18
    3860.78  2.40380e-17 -9.90000e+01  6.82134e-18
    3862.30  1.93330e-17 -9.90000e+01  6.81734e-18
    3863.82  1.96100e-17 -9.90000e+01  6.81369e-18
    3865.35  2.58730e-17 -9.90000e+01  6.81039e-18
    3866.88  2.98700e-17 -9.90000e+01  6.80742e-18
    3868.40  2.25500e-17 -9.90000e+01  6.80478e-18
    3869.93  2.73340e-17 -9.90000e+01  6.80245e-18
    3871.45  2.94650e-17 -9.90000e+01  6.80044e-18
    3872.97  2.28480e-17 -9.90000e+01  6.79872e-18
    3874.50  1.61400e-17 -9.90000e+01  6.79731e-18
    3876.03  1.18660e-17 -9.90000e+01  6.79619e-18
    3877.55  1.43030e-17 -9.90000e+01  6.79536e-18
    3879.07  1.55430e-17 -9.90000e+01  6.79481e-18
    3880.60  2.33100e-17 -9.90000e+01  6.79453e-18
    3882.12  2.95240e-17 -9.90000e+01  6.79454e-18
    3883.65  2.37080e-17 -9.90000e+01  6.79482e-18
    3885.18  2.84710e-17 -9.90000e+01  6.79537e-18
    3886.70  2.55420e-17 -9.90000e+01  6.79619e-18
    3888.22  2.46480e-17 -9.90000e+01  6.79728e-18
    3889.75  3.24120e-17 -9.90000e+01  6.79864e-18
    3891.28  3.24340e-17 -9.90000e+01  6.80027e-18
    3892.80  2.57960e-17 -9.90000e+01  6.80218e-18
    3894.32  1.01330e-17 -9.90000e+01  6.80435e-18
    3895.85  2.15870e-17 -9.90000e+01  6.80679e-18
    3897.38  2.50210e-17 -9.90000e+01  6.80951e-18
    3898.90  2.86490e-17 -9.90000e+01  6.81251e-18
    3900.43  1.79920e-17 -9.90000e+01  6.81578e-18
    3901.95  1.22880e-17 -9.90000e+01  6.81934e-18
    3903.47  1.59250e-17 -9.90000e+01  6.82318e-18
    3905.00  2.25530e-17 -9.90000e+01  6.82730e-18
    3906.53  1.34670e-17 -9.90000e+01  6.83172e-18
    3908.05  3.00310e-17 -9.90000e+01  6.83643e-18
    3909.57  2.86800e-17 -9.90000e+01  6.84143e-18
    3911.10  2.65980e-17 -9.90000e+01  6.84673e-18
    3912.62  2.57900e-17 -9.90000e+01  6.85232e-18
    3914.15  1.23450e-17 -9.90000e+01  6.85822e-18
    3915.68  1.84250e-17 -9.90000e+01  6.86443e-18
    3917.20  1.13950e-17 -9.90000e+01  6.87094e-18
    3918.72  1.81820e-17 -9.90000e+01  6.87775e-18
    3920.25  2.39830e-17 -9.90000e+01  6.88488e-18
    3921.78  3.08970e-17 -9.90000e+01  6.89231e-18
    3923.30  2.16470e-17 -9.90000e+01  6.90005e-18
    3924.82  2.82220e-17 -9.90000e+01  6.90810e-18
    3926.35  1.66470e-17 -9.90000e+01  6.91645e-18
    3927.88  2.43690e-17 -9.90000e+01  6.92511e-18
    3929.40  2.33750e-17 -9.90000e+01  6.93407e-18
    3930.93  2.18700e-17 -9.90000e+01  6.94334e-18
    3932.45  2.64870e-17 -9.90000e+01  6.95290e-18
    3933.97  2.28230e-17 -9.90000e+01  6.96275e-18
    3935.50  2.28580e-17 -9.90000e+01  6.97289e-18
    3937.02  2.65420e-17 -9.90000e+01  6.98332e-18
    3938.55  2.66720e-17 -9.90000e+01  6.99402e-18
    3940.07  2.15540e-17 -9.90000e+01  7.00499e-18
    3941.60  2.07270e-17 -9.90000e+01  7.01622e-18
    3943.12  2.59290e-17 -9.90000e+01  7.02771e-18
    3944.65  2.28510e-17 -9.90000e+01  7.03944e-18
    3946.18  3.06980e-17 -9.90000e+01  7.05141e-18
    3947.70  3.35350e-17 -9.90000e+01  7.06360e-18
    3949.22  2.84480e-17 -9.90000e+01  7.07601e-18
    3950.75  2.39360e-17 -9.90000e+01  7.08862e-18
    3952.28  2.87250e-17 -9.90000e+01  7.10142e-18
    3953.80  3.35330e-17 -9.90000e+01  7.11439e-18
    3955.32  2.59520e-17 -9.90000e+01  7.12754e-18
    3956.85  2.18220e-17 -9.90000e+01  7.14083e-18
    3958.38  2.52540e-17 -9.90000e+01  7.15426e-18
    3959.90  2.27440e-17 -9.90000e+01  7.16781e-18
    3961.43  2.33780e-17 -9.90000e+01  7.18147e-18
    3962.95  1.61480e-17 -9.90000e+01  7.19522e-18
    3964.47  1.60830e-17 -9.90000e+01  7.20905e-18
    3966.00  2.14570e-17 -9.90000e+01  7.22294e-18
    3967.53  1.46250e-17 -9.90000e+01  7.23687e-18
    3969.05  2.32270e-17 -9.90000e+01  7.25083e-18
    3970.57  2.53380e-17 -9.90000e+01  7.26480e-18
    3972.10  2.93200e-17 -9.90000e+01  7.27877e-18
    3973.62  4.42110e-17 -9.90000e+01  7.29272e-18
    3975.15  3.62830e-17 -9.90000e+01  7.30663e-18
    3976.68  2.99570e-17 -9.90000e+01  7.32049e-18
    3978.20  2.27040e-17 -9.90000e+01  7.33429e-18
    3979.72  3.06790e-17 -9.90000e+01  7.34799e-18
    3981.25  3.09960e-17 -9.90000e+01  7.36160e-18
    3982.78  2.13510e-17 -9.90000e+01  7.37510e-18
    3984.30  2.00360e-17 -9.90000e+01  7.38847e-18
    3985.82  2.61470e-17 -9.90000e+01  7.40169e-18
    3987.35  3.84020e-17 -9.90000e+01  7.41476e-18
    3988.88  2.77700e-17 -9.90000e+01  7.42767e-18
    3990.40  2.33220e-17 -9.90000e+01  7.44039e-18
    3991.93  2.25180e-17 -9.90000e+01  7.45291e-18
    3993.45  1.28220e-17 -9.90000e+01  7.46524e-18
    3994.97  1.64440e-17 -9.90000e+01  7.47734e-18
    3996.50  2.40870e-17 -9.90000e+01  7.48922e-18
    3998.03  2.50850e-17 -9.90000e+01  7.50087e-18
    3999.55  2.31420e-17 -9.90000e+01  7.51228e-18
    4001.07  1.24220e-17 -9.90000e+01  7.52343e-18
    4002.60  1.28620e-17 -9.90000e+01  7.53432e-18
    4004.12  2.16610e-17 -9.90000e+01  7.54496e-18
    4005.65  1.98530e-17 -9.90000e+01  7.55532e-18
    4007.18  2.74700e-17 -9.90000e+01  7.56540e-18
    4008.70  2.92800e-17 -9.90000e+01  7.57521e-18
    4010.22  2.47490e-17 -9.90000e+01  7.58474e-18
    4011.75  2.36830e-17 -9.90000e+01  7.59398e-18
    4013.28  3.84590e-17 -9.90000e+01  7.60294e-18
    4014.80  4.25660e-17 -9.90000e+01  7.61161e-18
    4016.32  3.79760e-17 -9.90000e+01  7.61999e-18
    4017.85  3.87410e-17 -9.90000e+01  7.62808e-18
    4019.38  2.84260e-17 -9.90000e+01  7.63589e-18
    4020.90  2.47910e-17 -9.90000e+01  7.64342e-18
    4022.43  3.16050e-17 -9.90000e+01  7.65066e-18
    4023.95  2.66910e-17 -9.90000e+01  7.65762e-18
    4025.47  2.32290e-17 -9.90000e+01  7.66430e-18
    4027.00  3.10780e-17 -9.90000e+01  7.67071e-18
    4028.53  4.71850e-17 -9.90000e+01  7.67685e-18
    4030.05  4.28080e-17 -9.90000e+01  7.68273e-18
    4031.57  4.52720e-17 -9.90000e+01  7.68835e-18
    4033.10  3.30040e-17 -9.90000e+01  7.69371e-18
    4034.62  2.97840e-17 -9.90000e+01  7.69882e-18
    4036.15  3.21030e-17 -9.90000e+01  7.70369e-18
    4037.68  3.18930e-17 -9.90000e+01  7.70832e-18
    4039.20  4.39820e-17 -9.90000e+01  7.71272e-18
    4040.72  3.42400e-17 -9.90000e+01  7.71689e-18
    4042.25  2.24020e-17 -9.90000e+01  7.72084e-18
    4043.78  3.07820e-17 -9.90000e+01  7.72457e-18
    4045.30  3.68050e-17 -9.90000e+01  7.72810e-18
    4046.82  2.68260e-17 -9.90000e+01  7.73142e-18
    4048.35  3.55720e-17 -9.90000e+01  7.73455e-18
    4049.88  4.01580e-17 -9.90000e+01  7.73748e-18
    4051.40  3.66920e-17 -9.90000e+01  7.74022e-18
    4052.93  4.65220e-17 -9.90000e+01  7.74278e-18
    4054.45  5.50300e-17 -9.90000e+01  7.74516e-18
    4055.97  3.26920e-17 -9.90000e+01  7.74736e-18
    4057.50  3.26950e-17 -9.90000e+01  7.74940e-18
    4059.03  3.32520e-17 -9.90000e+01  7.75126e-18
    4060.55  4.39030e-17 -9.90000e+01  7.75296e-18
    4062.07  4.15070e-17 -9.90000e+01  7.75450e-18
    4063.60  4.49660e-17 -9.90000e+01  7.75588e-18
    4065.12  4.59950e-17 -9.90000e+01  7.75709e-18
    4066.65  4.75950e-17 -9.90000e+01  7.75815e-18
    4068.18  4.44580e-17 -9.90000e+01  7.75904e-18
    4069.70  3.92020e-17 -9.90000e+01  7.75978e-18
    4071.22  3.75400e-17 -9.90000e+01  7.76036e-18
    4072.75  4.01370e-17 -9.90000e+01  7.76078e-18
    4074.28  4.74410e-17 -9.90000e+01  7.76103e-18
    4075.80  4.17020e-17 -9.90000e+01  7.76112e-18
    4077.32  4.97240e-17 -9.90000e+01  7.76105e-18
    4078.85  5.20730e-17 -9.90000e+01  7.76080e-18
    4080.38  5.26030e-17 -9.90000e+01  7.76037e-18
    4081.90  6.39180e-17 -9.90000e+01  7.75977e-18
    4083.43  4.68450e-17 -9.90000e+01  7.75899e-18
    4084.95  5.16970e-17 -9.90000e+01  7.75801e-18
    4086.47  5.38360e-17 -9.90000e+01  7.75684e-18
    4088.00  4.62890e-17 -9.90000e+01  7.75547e-18
    4089.53  4.97670e-17 -9.90000e+01  7.75390e-18
    4091.05  4.54980e-17 -9.90000e+01  7.75211e-18
    4092.57  5.23160e-17 -9.90000e+01  7.75011e-18
    4094.10  5.20370e-17 -9.90000e+01  7.74787e-18
    4095.62  5.09890e-17 -9.90000e+01  7.74541e-18
    4097.15  5.12530e-17 -9.90000e+01  7.74270e-18
    4098.68  4.44270e-17 -9.90000e+01  7.73975e-18
    4100.20  3.77420e-17 -9.90000e+01  7.73655e-18
    4101.73  4.42460e-17 -9.90000e+01  7.73308e-18
    4103.25  4.41080e-17 -9.90000e+01  7.72934e-18
    4104.77  5.22820e-17 -9.90000e+01  7.72533e-18
    4106.30  5.76450e-17 -9.90000e+01  7.72103e-18
    4107.82  5.76490e-17 -9.90000e+01  7.71644e-18
    4109.35  5.06560e-17 -9.90000e+01  7.71156e-18
    4110.88  5.61350e-17 -9.90000e+01  7.70637e-18
    4112.40  6.58130e-17 -9.90000e+01  7.70087e-18
    4113.93  5.16960e-17 -9.90000e+01  7.69505e-18
    4115.45  5.92980e-17 -9.90000e+01  7.68891e-18
    4116.98  6.41360e-17 -9.90000e+01  7.68244e-18
    4118.50  6.05820e-17 -9.90000e+01  7.67564e-18
    4120.02  6.04560e-17 -9.90000e+01  7.66850e-18
    4121.55  6.53050e-17 -9.90000e+01  7.66102e-18
    4123.07  6.89180e-17 -9.90000e+01  7.65319e-18
    4124.60  5.40210e-17 -9.90000e+01  7.64501e-18
    4126.12  5.36610e-17 -9.90000e+01  7.63648e-18
    4127.65  4.31400e-17 -9.90000e+01  7.62760e-18
    4129.18  4.30480e-17 -9.90000e+01  7.61835e-18
    4130.70  6.77600e-17 -9.90000e+01  7.60876e-18
    4132.23  6.08470e-17 -9.90000e+01  7.59880e-18
    4133.75  4.76570e-17 -9.90000e+01  7.58848e-18
    4135.27  3.56240e-17 -9.90000e+01  7.57781e-18
    4136.80  4.47340e-17 -9.90000e+01  7.56678e-18
    4138.32  4.81570e-17 -9.90000e+01  7.55539e-18
    4139.85  5.11250e-17 -9.90000e+01  7.54365e-18
    4141.38  5.59120e-17 -9.90000e+01  7.53156e-18
    4142.90  5.07150e-17 -9.90000e+01  7.51913e-18
    4144.43  5.18210e-17 -9.90000e+01  7.50635e-18
    4145.95  5.40000e-17 -9.90000e+01  7.49323e-18
    4147.48  6.78600e-17 -9.90000e+01  7.47978e-18
    4149.00  6.15030e-17 -9.90000e+01  7.46600e-18
    4150.52  5.55710e-17 -9.90000e+01  7.45190e-18
    4152.05  5.76870e-17 -9.90000e+01  7.43748e-18
    4153.57  6.10900e-17 -9.90000e+01  7.42275e-18
    4155.10  6.26870e-17 -9.90000e+01  7.40772e-18
    4156.62  5.95720e-17 -9.90000e+01  7.39240e-18
    4158.15  5.82550e-17 -9.90000e+01  7.37680e-18
    4159.68  6.27990e-17 -9.90000e+01  7.36091e-18
    4161.20  6.18050e-17 -9.90000e+01  7.34476e-18
    4162.73  6.12570e-17 -9.90000e+01  7.32835e-18
    4164.25  5.27830e-17 -9.90000e+01  7.31169e-18
    4165.77  4.55080e-17 -9.90000e+01  7.29480e-18
    4167.30  4.51720e-17 -9.90000e+01  7.27767e-18
    4168.82  6.68030e-17 -9.90000e+01  7.26033e-18
    4170.35  5.94880e-17 -9.90000e+01  7.33858e-18
    4171.88  5.69120e-17 -9.90000e+01  7.29309e-18
    4173.40  6.19210e-17 -9.90000e+01  7.25572e-18
    4174.93  5.23890e-17 -9.90000e+01  7.25001e-18
    4176.45  5.39410e-17 -9.90000e+01  7.23439e-18
    4177.98  6.64110e-17 -9.90000e+01  7.18358e-18
    4179.50  5.92710e-17 -9.90000e+01  7.16808e-18
    4181.02  5.20100e-17 -9.90000e+01  7.14754e-18
    4182.55  5.54890e-17 -9.90000e+01  7.13028e-18
    4184.07  6.60180e-17 -9.90000e+01  7.09666e-18
    4185.60  5.54520e-17 -9.90000e+01  7.05801e-18
    4187.12  5.47090e-17 -9.90000e+01  7.04583e-18
    4188.65  5.51160e-17 -9.90000e+01  7.02284e-18
    4190.18  6.01330e-17 -9.90000e+01  6.98983e-18
    4191.70  6.66310e-17 -9.90000e+01  6.98313e-18
    4193.23  5.89870e-17 -9.90000e+01  6.96310e-18
    4194.75  5.44050e-17 -9.90000e+01  6.95673e-18
    4196.27  5.33830e-17 -9.90000e+01  6.93935e-18
    4197.80  5.55400e-17 -9.90000e+01  6.93438e-18
    4199.32  4.96890e-17 -9.90000e+01  6.92133e-18
    4200.85  4.60410e-17 -9.90000e+01  6.90313e-18
    4202.38  5.72490e-17 -9.90000e+01  6.88469e-18
    4203.90  5.24970e-17 -9.90000e+01  6.85785e-18
    4205.43  5.44550e-17 -9.90000e+01  6.80389e-18
    4206.95  5.36400e-17 -9.90000e+01  6.82035e-18
    4208.48  6.44520e-17 -9.90000e+01  6.80715e-18
    4210.00  6.53290e-17 -9.90000e+01  6.78512e-18
    4211.52  5.75880e-17 -9.90000e+01  6.77589e-18
    4213.05  4.11660e-17 -9.90000e+01  6.75158e-18
    4214.57  5.27320e-17 -9.90000e+01  6.71684e-18
    4216.10  4.17960e-17 -9.90000e+01  6.70683e-18
    4217.62  4.16540e-17 -9.90000e+01  6.70648e-18
    4219.15  5.32750e-17 -9.90000e+01  6.67495e-18
    4220.68  5.35470e-17 -9.90000e+01  6.66060e-18
    4222.20  5.66900e-17 -9.90000e+01  6.62621e-18
    4223.73  5.61060e-17 -9.90000e+01  6.60171e-18
    4225.25  5.51970e-17 -9.90000e+01  6.56616e-18
    4226.77  5.31020e-17 -9.90000e+01  6.52314e-18
    4228.30  4.56670e-17 -9.90000e+01  6.52909e-18
    4229.82  5.12720e-17 -9.90000e+01  6.51706e-18
    4231.35  5.52250e-17 -9.90000e+01  6.49670e-18
    4232.88  4.91590e-17 -9.90000e+01  6.49085e-18
    4234.40  5.45360e-17 -9.90000e+01  6.46762e-18
    4235.93  4.48240e-17 -9.90000e+01  6.46519e-18
    4237.45  5.09180e-17 -9.90000e+01  6.47214e-18
    4238.98  5.09160e-17 -9.90000e+01  6.44424e-18
    4240.50  5.70990e-17 -9.90000e+01  6.42130e-18
    4242.02  5.64970e-17 -9.90000e+01  6.41859e-18
    4243.55  4.78260e-17 -9.90000e+01  6.40090e-18
    4245.07  3.62710e-17 -9.90000e+01  6.36830e-18
    4246.60  3.77940e-17 -9.90000e+01  6.35617e-18
    4248.12  5.43520e-17 -9.90000e+01  6.34596e-18
    4249.65  4.48850e-17 -9.90000e+01  6.33211e-18
    4251.18  4.81870e-17 -9.90000e+01  6.30547e-18
    4252.70  4.37220e-17 -9.90000e+01  6.31027e-18
    4254.23  4.90670e-17 -9.90000e+01  6.28967e-18
    4255.75  5.77980e-17 -9.90000e+01  6.28276e-18
    4257.27  5.38330e-17 -9.90000e+01  6.26866e-18
    4258.80  5.85390e-17 -9.90000e+01  6.26183e-18
    4260.32  5.68200e-17 -9.90000e+01  6.24527e-18
    4261.85  5.79180e-17 -9.90000e+01  6.23834e-18
    4263.38  5.34960e-17 -9.90000e+01  6.20294e-18
    4264.90  4.58220e-17 -9.90000e+01  6.19889e-18
    4266.43  4.60230e-17 -9.90000e+01  6.16792e-18
    4267.95  4.81730e-17 -9.90000e+01  6.15894e-18
    4269.48  4.79240e-17 -9.90000e+01  6.15284e-18
    4271.00  5.11170e-17 -9.90000e+01  6.12673e-18
    4272.52  4.86190e-17 -9.90000e+01  6.12195e-18
    4274.05  4.44400e-17 -9.90000e+01  6.11457e-18
    4275.57  4.37360e-17 -9.90000e+01  6.09667e-18
    4277.10  4.19660e-17 -9.90000e+01  6.08525e-18
    4278.62  3.89240e-17 -9.90000e+01  6.07936e-18
    4280.15  4.74750e-17 -9.90000e+01  6.06974e-18
    4281.68  5.34390e-17 -9.90000e+01  6.08449e-18
    4283.20  4.63720e-17 -9.90000e+01  6.06369e-18
    4284.73  4.29430e-17 -9.90000e+01  6.04249e-18
    4286.25  4.58170e-17 -9.90000e+01  6.04643e-18
    4287.77  5.05240e-17 -9.90000e+01  6.04470e-18
    4289.30  4.46480e-17 -9.90000e+01  6.03336e-18
    4290.82  4.97230e-17 -9.90000e+01  6.03778e-18
    4292.35  5.56240e-17 -9.90000e+01  6.01410e-18
    4293.88  5.09120e-17 -9.90000e+01  6.02386e-18
    4295.40  5.19070e-17 -9.90000e+01  6.04415e-18
    4296.93  4.67170e-17 -9.90000e+01  6.02977e-18
    4298.45  4.43500e-17 -9.90000e+01  6.02067e-18
    4299.98  4.52230e-17 -9.90000e+01  6.01704e-18
    4301.50  5.18340e-17 -9.90000e+01  6.01896e-18
    4303.02  4.62700e-17 -9.90000e+01  6.01754e-18
    4304.55  5.04570e-17 -9.90000e+01  6.01656e-18
    4306.07  4.77400e-17 -9.90000e+01  6.00665e-18
    4307.60  5.03020e-17 -9.90000e+01  5.98665e-18
    4309.12  5.20170e-17 -9.90000e+01  5.98542e-18
    4310.65  4.78590e-17 -9.90000e+01  6.00001e-18
    4312.18  5.56640e-17 -9.90000e+01  5.98822e-18
    4313.70  4.33100e-17 -9.90000e+01  5.98498e-18
    4315.23  3.97380e-17 -9.90000e+01  5.99978e-18
    4316.75  4.44910e-17 -9.90000e+01  5.98627e-18
    4318.27  5.00740e-17 -9.90000e+01  5.94386e-18
    4319.80  5.29290e-17 -9.90000e+01  5.93513e-18
    4321.32  4.76840e-17 -9.90000e+01  5.90786e-18
    4322.85  4.08710e-17 -9.90000e+01  5.91315e-18
    4324.38  4.07800e-17 -9.90000e+01  5.94426e-18
    4325.90  3.95910e-17 -9.90000e+01  5.93441e-18
    4327.43  4.70080e-17 -9.90000e+01  5.92221e-18
    4328.95  4.58920e-17 -9.90000e+01  5.93281e-18
    4330.48  4.49560e-17 -9.90000e+01  5.94318e-18
    4332.00  4.06300e-17 -9.90000e+01  5.96493e-18
    4333.52  4.11330e-17 -9.90000e+01  5.97735e-18
    4335.05  5.11690e-17 -9.90000e+01  5.98982e-18
    4336.57  5.21480e-17 -9.90000e+01  5.99700e-18
    4338.10  5.00140e-17 -9.90000e+01  6.00746e-18
    4339.62  4.79180e-17 -9.90000e+01  6.02308e-18
    4341.15  4.98570e-17 -9.90000e+01  6.04398e-18
    4342.68  5.08310e-17 -9.90000e+01  6.03829e-18
    4344.20  5.32600e-17 -9.90000e+01  6.05382e-18
    4345.73  5.00010e-17 -9.90000e+01  6.05856e-18
    4347.25  3.86820e-17 -9.90000e+01  6.02252e-18
    4348.77  3.84980e-17 -9.90000e+01  6.03092e-18
    4350.30  4.86400e-17 -9.90000e+01  6.01750e-18
    4351.82  5.19440e-17 -9.90000e+01  6.00715e-18
    4353.35  5.12430e-17 -9.90000e+01  6.01923e-18
    4354.88  5.65940e-17 -9.90000e+01  6.01776e-18
    4356.40  5.56930e-17 -9.90000e+01  6.02771e-18
    4357.93  8.29880e-17 -9.90000e+01  6.02648e-18
    4359.45  8.53490e-17 -9.90000e+01  6.01731e-18
    4360.98  7.99530e-17 -9.90000e+01  6.02679e-18
    4362.50  6.23650e-17 -9.90000e+01  6.02314e-18
    4364.02  4.62190e-17 -9.90000e+01  6.04863e-18
    4365.55  4.66150e-17 -9.90000e+01  6.04832e-18
    4367.07  5.25480e-17 -9.90000e+01  6.04123e-18
    4368.60  5.76990e-17 -9.90000e+01  6.04115e-18
    4370.12  4.94340e-17 -9.90000e+01  6.05623e-18
    4371.65  5.87900e-17 -9.90000e+01  6.07018e-18
    4373.18  5.11870e-17 -9.90000e+01  6.05497e-18
    4374.70  5.16940e-17 -9.90000e+01  6.05247e-18
    4376.23  5.34560e-17 -9.90000e+01  6.07582e-18
    4377.75  4.57690e-17 -9.90000e+01  6.05979e-18
    4379.27  4.46530e-17 -9.90000e+01  6.06562e-18
    4380.80  5.51000e-17 -9.90000e+01  6.07524e-18
    4382.32  5.70900e-17 -9.90000e+01  6.08908e-18
    4383.85  5.03570e-17 -9.90000e+01  6.09321e-18
    4385.38  5.93810e-17 -9.90000e+01  6.12184e-18
    4386.90  5.33860e-17 -9.90000e+01  6.12618e-18
    4388.43  4.26470e-17 -9.90000e+01  6.11595e-18
    4389.95  4.56290e-17 -9.90000e+01  6.13015e-18
    4391.48  3.85740e-17 -9.90000e+01  6.14673e-18
    4393.00  4.56660e-17 -9.90000e+01  6.15860e-18
    4394.52  4.85030e-17 -9.90000e+01  6.16328e-18
    4396.05  5.49650e-17 -9.90000e+01  6.17118e-18
    4397.57  5.21840e-17 -9.90000e+01  6.18038e-18
    4399.10  5.27730e-17 -9.90000e+01  6.19366e-18
    4400.62  5.47250e-17 -9.90000e+01  6.19671e-18
    4402.15  5.41130e-17 -9.90000e+01  6.20309e-18
    4403.68  4.96550e-17 -9.90000e+01  6.20874e-18
    4405.20  4.52590e-17 -9.90000e+01  6.21366e-18
    4406.73  4.84860e-17 -9.90000e+01  6.22704e-18
    4408.25  4.47580e-17 -9.90000e+01  6.25810e-18
    4409.77  4.52400e-17 -9.90000e+01  6.27943e-18
    4411.30  5.44140e-17 -9.90000e+01  6.29587e-18
    4412.82  5.58640e-17 -9.90000e+01  6.32288e-18
    4414.35  5.24670e-17 -9.90000e+01  6.33698e-18
    4415.88  5.31970e-17 -9.90000e+01  6.32440e-18
    4417.40  5.81410e-17 -9.90000e+01  6.33487e-18
    4418.93  4.56430e-17 -9.90000e+01  6.34533e-18
    4420.45  5.60240e-17 -9.90000e+01  6.36538e-18
    4421.98  6.03260e-17 -9.90000e+01  6.39342e-18
    4423.50  5.11160e-17 -9.90000e+01  6.40036e-18
    4425.02  5.22140e-17 -9.90000e+01  6.41743e-18
    4426.55  6.32560e-17 -9.90000e+01  6.43043e-18
    4428.07  6.19410e-17 -9.90000e+01  6.45196e-18
    4429.60  5.52490e-17 -9.90000e+01  6.47823e-18
    4431.12  5.52730e-17 -9.90000e+01  6.48314e-18
    4432.65  5.73270e-17 -9.90000e+01  6.50698e-18
    4434.18  5.96170e-17 -9.90000e+01  6.54175e-18
    4435.70  5.05980e-17 -9.90000e+01  6.55974e-18
    4437.23  5.66730e-17 -9.90000e+01  6.57873e-18
    4438.75  5.67570e-17 -9.90000e+01  6.58753e-18
    4440.27  6.06710e-17 -9.90000e+01  6.59160e-18
    4441.80  5.32260e-17 -9.90000e+01  6.60554e-18
    4443.32  4.78120e-17 -9.90000e+01  6.62001e-18
    4444.85  5.39460e-17 -9.90000e+01  6.65457e-18
    4446.38  5.81420e-17 -9.90000e+01  6.66288e-18
    4447.90  4.94640e-17 -9.90000e+01  6.69386e-18
    4449.43  5.33190e-17 -9.90000e+01  6.71313e-18
    4450.95  5.44810e-17 -9.90000e+01  6.72747e-18
    4452.48  5.73260e-17 -9.90000e+01  6.73179e-18
    4454.00  6.53950e-17 -9.90000e+01  6.74465e-18
    4455.52  4.97700e-17 -9.90000e+01  6.76318e-18
    4457.05  5.71220e-17 -9.90000e+01  6.80146e-18
    4458.57  5.37400e-17 -9.90000e+01  6.83799e-18
    4460.10  5.14910e-17 -9.90000e+01  6.82394e-18
    4461.62  5.74860e-17 -9.90000e+01  6.83665e-18
    4463.15  5.53190e-17 -9.90000e+01  6.84097e-18
    4464.68  6.24830e-17 -9.90000e+01  6.83203e-18
    4466.20  5.77720e-17 -9.90000e+01  6.85612e-18
    4467.73  5.56200e-17 -9.90000e+01  6.85826e-18
    4469.25  5.95830e-17 -9.90000e+01  6.87666e-18
    4470.77  5.55780e-17 -9.90000e+01  6.87903e-18
    4472.30  5.67220e-17 -9.90000e+01  6.89700e-18
    4473.82  5.69920e-17 -9.90000e+01  6.90629e-18
    4475.35  5.21430e-17 -9.90000e+01  6.92744e-18
    4476.88  5.06130e-17 -9.90000e+01  6.94306e-18
    4478.40  4.90470e-17 -9.90000e+01  6.94508e-18
    4479.93  4.35530e-17 -9.90000e+01  6.96412e-18
    4481.45  4.03860e-17 -9.90000e+01  6.95598e-18
    4482.98  5.10970e-17 -9.90000e+01  6.94536e-18
    4484.50  5.72120e-17 -9.90000e+01  6.95508e-18
    4486.02  4.11870e-17 -9.90000e+01  6.96890e-18
    4487.55  3.18420e-17 -9.90000e+01  6.99611e-18
    4489.07  3.50410e-17 -9.90000e+01  7.00163e-18
    4490.60  4.35930e-17 -9.90000e+01  7.01995e-18
    4492.12  4.63240e-17 -9.90000e+01  7.02554e-18
    4493.65  3.72130e-17 -9.90000e+01  7.03661e-18
    4495.18  4.01700e-17 -9.90000e+01  7.07068e-18
    4496.70  4.94320e-17 -9.90000e+01  7.09219e-18
    4498.23  5.55300e-17 -9.90000e+01  7.10356e-18
    4499.75  4.81860e-17 -9.90000e+01  7.11646e-18
    4501.27  6.66090e-17 -9.90000e+01  7.13931e-18
    4502.80  5.94680e-17 -9.90000e+01  7.13735e-18
    4504.32  6.41340e-17 -9.90000e+01  7.12804e-18
    4505.85  5.28400e-17 -9.90000e+01  7.11795e-18
    4507.38  4.79570e-17 -9.90000e+01  7.08669e-18
    4508.90  5.49800e-17 -9.90000e+01  7.12329e-18
    4510.43  5.67520e-17 -9.90000e+01  7.13463e-18
    4511.95  5.01700e-17 -9.90000e+01  7.16371e-18
    4513.48  5.33980e-17 -9.90000e+01  7.17318e-18
    4515.00  5.16420e-17 -9.90000e+01  7.16345e-18
    4516.52  6.26070e-17 -9.90000e+01  7.17042e-18
    4518.05  6.85460e-17 -9.90000e+01  7.16229e-18
    4519.57  5.98650e-17 -9.90000e+01  7.16088e-18
    4521.10  5.58030e-17 -9.90000e+01  7.14477e-18
    4522.62  4.19220e-17 -9.90000e+01  7.14264e-18
    4524.15  4.35480e-17 -9.90000e+01  7.13589e-18
    4525.68  4.88860e-17 -9.90000e+01  7.14671e-18
    4527.20  5.63360e-17 -9.90000e+01  7.14855e-18
    4528.73  5.05370e-17 -9.90000e+01  7.15686e-18
    4530.25  5.01720e-17 -9.90000e+01  7.14439e-18
    4531.77  5.15910e-17 -9.90000e+01  7.14239e-18
    4533.30  4.50350e-17 -9.90000e+01  7.13686e-18
    4534.82  5.14630e-17 -9.90000e+01  7.13568e-18
    4536.35  5.48670e-17 -9.90000e+01  7.11582e-18
    4537.88  5.44450e-17 -9.90000e+01  7.10504e-18
    4539.40  4.87340e-17 -9.90000e+01  7.11271e-18
    4540.93  7.18430e-17 -9.90000e+01  7.12404e-18
    4542.45  6.57540e-17 -9.90000e+01  7.11839e-18
    4543.98  5.78180e-17 -9.90000e+01  7.11831e-18
    4545.50  6.66900e-17 -9.90000e+01  7.11653e-18
    4547.02  5.75760e-17 -9.90000e+01  7.11584e-18
    4548.55  6.14100e-17 -9.90000e+01  7.10138e-18
    4550.07  6.54200e-17 -9.90000e+01  7.09731e-18
    4551.60  5.69530e-17 -9.90000e+01  7.09415e-18
    4553.12  5.69060e-17 -9.90000e+01  7.09240e-18
    4554.65  5.43780e-17 -9.90000e+01  7.07233e-18
    4556.18  5.57220e-17 -9.90000e+01  7.07857e-18
    4557.70  5.50070e-17 -9.90000e+01  7.06640e-18
    4559.23  6.00860e-17 -9.90000e+01  7.03641e-18
    4560.75  5.30880e-17 -9.90000e+01  7.02875e-18
    4562.28  5.94090e-17 -9.90000e+01  7.01119e-18
    4563.80  6.33680e-17 -9.90000e+01  6.99009e-18
    4565.32  6.63810e-17 -9.90000e+01  6.97844e-18
    4566.85  5.64280e-17 -9.90000e+01  6.97052e-18
    4568.38  4.97940e-17 -9.90000e+01  6.95297e-18
    4569.90  5.22020e-17 -9.90000e+01  6.92415e-18
    4571.43  4.81180e-17 -9.90000e+01  6.90197e-18
    4572.95  5.85260e-17 -9.90000e+01  6.90194e-18
    4574.48  5.81740e-17 -9.90000e+01  6.89584e-18
    4576.00  5.78630e-17 -9.90000e+01  6.89980e-18
    4577.52  4.91010e-17 -9.90000e+01  6.88555e-18
    4579.05  5.46380e-17 -9.90000e+01  6.85791e-18
    4580.57  6.03090e-17 -9.90000e+01  6.85212e-18
    4582.10  6.12350e-17 -9.90000e+01  6.84030e-18
    4583.62  6.90830e-17 -9.90000e+01  6.83096e-18
    4585.15  6.55680e-17 -9.90000e+01  6.83405e-18
    4586.68  5.82410e-17 -9.90000e+01  6.82978e-18
    4588.20  5.03380e-17 -9.90000e+01  6.81484e-18
    4589.73  5.15870e-17 -9.90000e+01  6.79798e-18
    4591.25  5.52310e-17 -9.90000e+01  6.78984e-18
    4592.77  5.58600e-17 -9.90000e+01  6.79892e-18
    4594.30  5.37450e-17 -9.90000e+01  6.78543e-18
    4595.82  5.51610e-17 -9.90000e+01  6.77826e-18
    4597.35  6.37800e-17 -9.90000e+01  6.77889e-18
    4598.88  5.33080e-17 -9.90000e+01  6.78058e-18
    4600.40  5.82250e-17 -9.90000e+01  6.76733e-18
    4601.93  7.17250e-17 -9.90000e+01  6.75458e-18
    4603.45  7.32050e-17 -9.90000e+01  6.73590e-18
    4604.98  6.24870e-17 -9.90000e+01  6.72393e-18
    4606.50  6.49810e-17 -9.90000e+01  6.70702e-18
    4608.02  7.03800e-17 -9.90000e+01  6.70434e-18
    4609.55  6.83020e-17 -9.90000e+01  6.68488e-18
    4611.07  5.54190e-17 -9.90000e+01  6.68023e-18
    4612.60  5.75330e-17 -9.90000e+01  6.66043e-18
    4614.12  6.39330e-17 -9.90000e+01  6.63925e-18
    4615.65  7.36220e-17 -9.90000e+01  6.63194e-18
    4617.18  8.01930e-17 -9.90000e+01  6.61623e-18
    4618.70  6.96110e-17 -9.90000e+01  6.60834e-18
    4620.23  7.14320e-17 -9.90000e+01  6.58746e-18
    4621.75  7.03670e-17 -9.90000e+01  6.57245e-18
    4623.27  6.79110e-17 -9.90000e+01  6.55777e-18
    4624.80  5.90560e-17 -9.90000e+01  6.54581e-18
    4626.32  6.35180e-17 -9.90000e+01  6.55224e-18
    4627.85  7.26900e-17 -9.90000e+01  6.55920e-18
    4629.38  7.18630e-17 -9.90000e+01  6.53599e-18
    4630.90  6.66000e-17 -9.90000e+01  6.52431e-18
    4632.43  7.27370e-17 -9.90000e+01  6.51833e-18
    4633.95  7.77510e-17 -9.90000e+01  6.51625e-18
    4635.48  7.64740e-17 -9.90000e+01  6.50983e-18
    4637.00  7.18750e-17 -9.90000e+01  6.52888e-18
    4638.52  7.16920e-17 -9.90000e+01  6.51145e-18
    4640.05  7.50630e-17 -9.90000e+01  6.48939e-18
    4641.57  7.75450e-17 -9.90000e+01  6.47595e-18
    4643.10  7.00410e-17 -9.90000e+01  6.47535e-18
    4644.62  6.68050e-17 -9.90000e+01  6.45889e-18
    4646.15  7.45770e-17 -9.90000e+01  6.45995e-18
    4647.68  7.85320e-17 -9.90000e+01  6.47115e-18
    4649.20  7.22280e-17 -9.90000e+01  6.45494e-18
    4650.73  7.53070e-17 -9.90000e+01  6.44711e-18
    4652.25  7.38530e-17 -9.90000e+01  6.47203e-18
    4653.77  6.81990e-17 -9.90000e+01  6.46497e-18
    4655.30  7.64520e-17 -9.90000e+01  6.45268e-18
    4656.82  8.71990e-17 -9.90000e+01  6.45225e-18
    4658.35  8.26100e-17 -9.90000e+01  6.45725e-18
    4659.88  8.07190e-17 -9.90000e+01  6.45817e-18
    4661.40  8.26200e-17 -9.90000e+01  6.46000e-18
    4662.93  7.60940e-17 -9.90000e+01  6.47848e-18
    4664.45  7.61480e-17 -9.90000e+01  6.46568e-18
    4665.98  8.06110e-17 -9.90000e+01  6.46073e-18
    4667.50  8.19140e-17 -9.90000e+01  6.47137e-18
    4669.02  7.47870e-17 -9.90000e+01  6.47577e-18
    4670.55  7.88960e-17 -9.90000e+01  6.45809e-18
    4672.07  7.75360e-17 -9.90000e+01  6.45379e-18
    4673.60  7.59500e-17 -9.90000e+01  6.46805e-18
    4675.12  8.33110e-17 -9.90000e+01  6.47601e-18
    4676.65  8.63790e-17 -9.90000e+01  6.48130e-18
    4678.18  8.18120e-17 -9.90000e+01  6.48739e-18
    4679.70  8.31790e-17 -9.90000e+01  6.48658e-18
    4681.23  7.33310e-17 -9.90000e+01  6.50141e-18
    4682.75  8.67790e-17 -9.90000e+01  6.50689e-18
    4684.27  9.05720e-17 -9.90000e+01  6.51004e-18
    4685.80  8.36600e-17 -9.90000e+01  6.51338e-18
    4687.32  8.72760e-17 -9.90000e+01  6.51666e-18
    4688.85  8.25670e-17 -9.90000e+01  6.53865e-18
    4690.38  8.72410e-17 -9.90000e+01  6.54656e-18
    4691.90  8.97090e-17 -9.90000e+01  6.52512e-18
    4693.43  9.66230e-17 -9.90000e+01  6.54209e-18
    4694.95  7.81480e-17 -9.90000e+01  6.55175e-18
    4696.48  9.14930e-17 -9.90000e+01  6.55606e-18
    4698.00  1.02610e-16 -9.90000e+01  6.56862e-18
    4699.52  1.06330e-16 -9.90000e+01  6.56973e-18
    4701.05  8.64920e-17 -9.90000e+01  6.57649e-18
    4702.57  8.88860e-17 -9.90000e+01  6.57387e-18
    4704.10  8.58110e-17 -9.90000e+01  6.58595e-18
    4705.62  9.09390e-17 -9.90000e+01  6.58934e-18
    4707.15  8.89680e-17 -9.90000e+01  6.59558e-18
    4708.68  9.27210e-17 -9.90000e+01  6.60158e-18
    4710.20  9.43840e-17 -9.90000e+01  6.61781e-18
    4711.73  9.24080e-17 -9.90000e+01  6.62840e-18
    4713.25  8.76100e-17 -9.90000e+01  6.62943e-18
    4714.77  9.79100e-17 -9.90000e+01  6.64093e-18
    4716.30  1.01640e-16 -9.90000e+01  6.65280e-18
    4717.82  8.03400e-17 -9.90000e+01  6.65520e-18
    4719.35  8.21330e-17 -9.90000e+01  6.65610e-18
    4720.88  9.35960e-17 -9.90000e+01  6.66426e-18
    4722.40  9.50510e-17 -9.90000e+01  6.67880e-18
    4723.92  9.16430e-17 -9.90000e+01  6.67961e-18
    4725.45  9.16760e-17 -9.90000e+01  6.67892e-18
    4726.98  1.05690e-16 -9.90000e+01  6.68534e-18
    4728.50  9.41630e-17 -9.90000e+01  6.70763e-18
    4730.02  1.03640e-16 -9.90000e+01  6.72714e-18
    4731.55  1.06210e-16 -9.90000e+01  6.71777e-18
    4733.07  9.67550e-17 -9.90000e+01  6.71357e-18
    4734.60  1.03150e-16 -9.90000e+01  6.73066e-18
    4736.12  9.56760e-17 -9.90000e+01  6.74737e-18
    4737.65  1.09750e-16 -9.90000e+01  6.74985e-18
    4739.17  1.05600e-16 -9.90000e+01  6.75310e-18
    4740.70  9.71870e-17 -9.90000e+01  6.76256e-18
    4742.23  1.05240e-16 -9.90000e+01  6.76620e-18
    4743.75  1.11600e-16 -9.90000e+01  6.77374e-18
    4745.27  1.04690e-16 -9.90000e+01  6.77195e-18
    4746.80  1.11990e-16 -9.90000e+01  6.77739e-18
    4748.32  1.17890e-16 -9.90000e+01  6.77883e-18
    4749.85  1.08020e-16 -9.90000e+01  6.79209e-18
    4751.38  1.10810e-16 -9.90000e+01  6.80302e-18
    4752.90  1.17720e-16 -9.90000e+01  6.80848e-18
    4754.43  1.19450e-16 -9.90000e+01  6.80441e-18
    4755.95  1.16100e-16 -9.90000e+01  6.80889e-18
    4757.48  1.03160e-16 -9.90000e+01  6.80986e-18
    4759.00  1.07750e-16 -9.90000e+01  6.81384e-18
    4760.52  1.03620e-16 -9.90000e+01  6.80057e-18
    4762.05  1.06350e-16 -9.90000e+01  6.81060e-18
    4763.57  1.09540e-16 -9.90000e+01  6.81426e-18
    4765.10  1.07230e-16 -9.90000e+01  6.81590e-18
    4766.62  1.15450e-16 -9.90000e+01  6.82600e-18
    4768.15  1.16190e-16 -9.90000e+01  6.84114e-18
    4769.68  9.41620e-17 -9.90000e+01  6.83981e-18
    4771.20  1.05310e-16 -9.90000e+01  6.82971e-18
    4772.73  1.17040e-16 -9.90000e+01  6.83758e-18
    4774.25  1.11780e-16 -9.90000e+01  6.83978e-18
    4775.77  1.13030e-16 -9.90000e+01  6.83042e-18
    4777.30  1.06210e-16 -9.90000e+01  6.83465e-18
    4778.82  1.11580e-16 -9.90000e+01  6.83424e-18
    4780.35  1.11120e-16 -9.90000e+01  6.83099e-18
    4781.88  1.07560e-16 -9.90000e+01  6.84080e-18
    4783.40  1.09400e-16 -9.90000e+01  6.84543e-18
    4784.93  1.16620e-16 -9.90000e+01  6.84522e-18
    4786.45  1.17800e-16 -9.90000e+01  6.84160e-18
    4787.98  1.22560e-16 -9.90000e+01  6.83859e-18
    4789.50  1.24340e-16 -9.90000e+01  6.84976e-18
    4791.02  1.10710e-16 -9.90000e+01  6.85054e-18
    4792.55  1.05850e-16 -9.90000e+01  6.84221e-18
    4794.07  9.93380e-17 -9.90000e+01  6.83119e-18
    4795.60  1.02800e-16 -9.90000e+01  6.81791e-18
    4797.12  1.18420e-16 -9.90000e+01  6.81577e-18
    4798.65  1.16390e-16 -9.90000e+01  6.81587e-18
    4800.18  1.11300e-16 -9.90000e+01  6.82831e-18
    4801.70  1.15560e-16 -9.90000e+01  6.83695e-18
    4803.23  1.20660e-16 -9.90000e+01  6.83139e-18
    4804.75  1.14680e-16 -9.90000e+01  6.82889e-18
    4806.27  1.15070e-16 -9.90000e+01  6.82978e-18
    4807.80  1.20280e-16 -9.90000e+01  6.83697e-18
    4809.32  1.12150e-16 -9.90000e+01  6.82299e-18
    4810.85  1.02970e-16 -9.90000e+01  6.82034e-18
    4812.38  1.06880e-16 -9.90000e+01  6.82187e-18
    4813.90  1.17050e-16 -9.90000e+01  6.81183e-18
    4815.43  1.10640e-16 -9.90000e+01  6.81116e-18
    4816.95  1.08730e-16 -9.90000e+01  6.82050e-18
    4818.48  1.13180e-16 -9.90000e+01  6.81001e-18
    4820.00  1.14230e-16 -9.90000e+01  6.79779e-18
    4821.52  1.05670e-16 -9.90000e+01  6.80626e-18
    4823.05  1.04070e-16 -9.90000e+01  6.79857e-18
    4824.57  1.06220e-16 -9.90000e+01  6.80150e-18
    4826.10  1.06190e-16 -9.90000e+01  6.79742e-18
    4827.62  1.16680e-16 -9.90000e+01  6.77564e-18
    4829.15  1.08580e-16 -9.90000e+01  6.77171e-18
    4830.68  1.13610e-16 -9.90000e+01  6.75688e-18
    4832.20  1.00630e-16 -9.90000e+01  6.75319e-18
    4833.73  1.11180e-16 -9.90000e+01  6.76479e-18
    4835.25  1.13900e-16 -9.90000e+01  6.75629e-18
    4836.77  1.04140e-16 -9.90000e+01  6.75122e-18
    4838.30  1.02420e-16 -9.90000e+01  6.75022e-18
    4839.82  1.04750e-16 -9.90000e+01  6.74608e-18
    4841.35  9.59690e-17 -9.90000e+01  6.74855e-18
    4842.88  8.87280e-17 -9.90000e+01  6.72897e-18
    4844.40  1.02640e-16 -9.90000e+01  6.72958e-18
    4845.93  1.12220e-16 -9.90000e+01  6.72779e-18
    4847.45  9.27860e-17 -9.90000e+01  6.73867e-18
    4848.98  9.07930e-17 -9.90000e+01  6.73077e-18
    4850.50  9.39560e-17 -9.90000e+01  6.72093e-18
    4852.02  9.24790e-17 -9.90000e+01  6.71104e-18
    4853.55  9.86350e-17 -9.90000e+01  6.71675e-18
    4855.07  9.51780e-17 -9.90000e+01  6.71496e-18
    4856.60  1.05460e-16 -9.90000e+01  6.70836e-18
    4858.12  9.38780e-17 -9.90000e+01  6.71081e-18
    4859.65  9.51870e-17 -9.90000e+01  6.71184e-18
    4861.18  1.00680e-16 -9.90000e+01  6.70783e-18
    4862.70  9.27520e-17 -9.90000e+01  6.69728e-18
    4864.23  8.52570e-17 -9.90000e+01  6.69353e-18
    4865.75  9.17300e-17 -9.90000e+01  6.68634e-18
    4867.27  8.77130e-17 -9.90000e+01  6.68244e-18
    4868.80  8.49140e-17 -9.90000e+01  6.67504e-18
    4870.32  9.37660e-17 -9.90000e+01  6.68019e-18
    4871.85  8.81020e-17 -9.90000e+01  6.68128e-18
    4873.38  8.94620e-17 -9.90000e+01  6.67504e-18
    4874.90  9.48520e-17 -9.90000e+01  6.66992e-18
    4876.43  9.12650e-17 -9.90000e+01  6.67805e-18
    4877.95  9.61170e-17 -9.90000e+01  6.66438e-18
    4879.48  9.75380e-17 -9.90000e+01  6.65641e-18
    4881.00  9.66540e-17 -9.90000e+01  6.65826e-18
    4882.52  8.80380e-17 -9.90000e+01  6.65539e-18
    4884.05  8.62910e-17 -9.90000e+01  6.65137e-18
    4885.57  9.07030e-17 -9.90000e+01  6.64946e-18
    4887.10  7.45280e-17 -9.90000e+01  6.64298e-18
    4888.62  8.81810e-17 -9.90000e+01  6.64181e-18
    4890.15  9.11010e-17 -9.90000e+01  6.63987e-18
    4891.68  7.60150e-17 -9.90000e+01  6.62284e-18
    4893.20  9.68840e-17 -9.90000e+01  6.62529e-18
    4894.73  8.45550e-17 -9.90000e+01  6.63845e-18
    4896.25  7.27890e-17 -9.90000e+01  6.63719e-18
    4897.77  7.72630e-17 -9.90000e+01  6.62787e-18
    4899.30  8.20260e-17 -9.90000e+01  6.62342e-18
    4900.83  7.81350e-17 -9.90000e+01  6.61686e-18
    4902.35  8.65830e-17 -9.90000e+01  6.61602e-18
    4903.88  8.26070e-17 -9.90000e+01  6.61489e-18
    4905.40  8.23160e-17 -9.90000e+01  6.62509e-18
    4906.93  7.65070e-17 -9.90000e+01  6.61765e-18
    4908.45  8.41050e-17 -9.90000e+01  6.61699e-18
    4909.98  8.98430e-17 -9.90000e+01  6.61667e-18
    4911.50  8.16460e-17 -9.90000e+01  6.61012e-18
    4913.02  8.03780e-17 -9.90000e+01  6.61999e-18
    4914.55  8.71780e-17 -9.90000e+01  6.61830e-18
    4916.07  8.76190e-17 -9.90000e+01  6.61506e-18
    4917.60  8.62330e-17 -9.90000e+01  6.62908e-18
    4919.12  8.46660e-17 -9.90000e+01  6.62636e-18
    4920.65  9.06670e-17 -9.90000e+01  6.61405e-18
    4922.18  8.72730e-17 -9.90000e+01  6.61829e-18
    4923.70  9.07650e-17 -9.90000e+01  6.62550e-18
    4925.23  9.04190e-17 -9.90000e+01  6.62579e-18
    4926.75  8.84970e-17 -9.90000e+01  6.62980e-18
    4928.27  9.90490e-17 -9.90000e+01  6.61612e-18
    4929.80  9.42140e-17 -9.90000e+01  6.61435e-18
    4931.32  7.94330e-17 -9.90000e+01  6.62157e-18
    4932.85  8.89360e-17 -9.90000e+01  6.61871e-18
    4934.38  8.08640e-17 -9.90000e+01  6.62200e-18
    4935.90  8.61070e-17 -9.90000e+01  6.63055e-18
    4937.43  8.57000e-17 -9.90000e+01  6.63252e-18
    4938.95  8.76150e-17 -9.90000e+01  6.63415e-18
    4940.48  8.43160e-17 -9.90000e+01  6.63358e-18
    4942.00  8.21220e-17 -9.90000e+01  6.63620e-18
    4943.52  8.54830e-17 -9.90000e+01  6.63062e-18
    4945.05  8.85380e-17 -9.90000e+01  6.62679e-18
    4946.57  8.52300e-17 -9.90000e+01  6.63591e-18
    4948.10  8.39020e-17 -9.90000e+01  6.64173e-18
    4949.62  9.58420e-17 -9.90000e+01  6.65214e-18
    4951.15  1.00520e-16 -9.90000e+01  6.65169e-18
    4952.68  9.55750e-17 -9.90000e+01  6.65432e-18
    4954.20  9.32680e-17 -9.90000e+01  6.64737e-18
    4955.73  9.78770e-17 -9.90000e+01  6.65341e-18
    4957.25  9.09070e-17 -9.90000e+01  6.65721e-18
    4958.77  8.93780e-17 -9.90000e+01  6.65762e-18
    4960.30  9.08310e-17 -9.90000e+01  6.66742e-18
    4961.82  8.24740e-17 -9.90000e+01  6.66255e-18
    4963.35  8.45030e-17 -9.90000e+01  6.67267e-18
    4964.88  8.45780e-17 -9.90000e+01  6.66826e-18
    4966.40  9.85700e-17 -9.90000e+01  6.66310e-18
    4967.93  8.68310e-17 -9.90000e+01  6.68055e-18
    4969.45  8.80290e-17 -9.90000e+01  6.67733e-18
    4970.98  8.29860e-17 -9.90000e+01  6.67911e-18
    4972.50  8.45500e-17 -9.90000e+01  6.69358e-18
    4974.02  8.69460e-17 -9.90000e+01  6.70914e-18
    4975.55  1.02260e-16 -9.90000e+01  6.71092e-18
    4977.07  9.32770e-17 -9.90000e+01  6.71273e-18
    4978.60  8.91190e-17 -9.90000e+01  6.72128e-18
    4980.12  8.10670e-17 -9.90000e+01  6.71913e-18
    4981.65  9.31310e-17 -9.90000e+01  6.72646e-18
    4983.18  9.30960e-17 -9.90000e+01  6.72044e-18
    4984.70  8.96430e-17 -9.90000e+01  6.73294e-18
    4986.23  9.49700e-17 -9.90000e+01  6.73775e-18
    4987.75  9.50310e-17 -9.90000e+01  6.72866e-18
    4989.27  1.03050e-16 -9.90000e+01  6.72711e-18
    4990.80  9.47010e-17 -9.90000e+01  6.73968e-18
    4992.32  9.37080e-17 -9.90000e+01  6.73639e-18
    4993.85  9.58540e-17 -9.90000e+01  6.74313e-18
    4995.38  8.59700e-17 -9.90000e+01  6.74364e-18
    4996.90  9.54720e-17 -9.90000e+01  6.74414e-18
    4998.43  1.08590e-16 -9.90000e+01  6.75523e-18
    4999.95  9.93410e-17 -9.90000e+01  6.77204e-18
    5001.48  9.89900e-17 -9.90000e+01  6.77265e-18
    5003.00  9.23870e-17 -9.90000e+01  6.76915e-18
    5004.52  8.94310e-17 -9.90000e+01  6.77756e-18
    5006.05  9.38980e-17 -9.90000e+01  6.78450e-18
    5007.57  9.91570e-17 -9.90000e+01  6.78859e-18
    5009.10  1.03440e-16 -9.90000e+01  6.78858e-18
    5010.62  9.95730e-17 -9.90000e+01  6.79228e-18
    5012.15  8.33020e-17 -9.90000e+01  6.78636e-18
    5013.68  8.31990e-17 -9.90000e+01  6.78578e-18
    5015.20  9.16870e-17 -9.90000e+01  6.79405e-18
    5016.73  1.02320e-16 -9.90000e+01  6.80801e-18
    5018.25  9.43180e-17 -9.90000e+01  6.81603e-18
    5019.77  8.68300e-17 -9.90000e+01  6.82104e-18
    5021.30  7.60170e-17 -9.90000e+01  6.82050e-18
    5022.82  8.61860e-17 -9.90000e+01  6.82013e-18
    5024.35  1.00010e-16 -9.90000e+01  6.82854e-18
    5025.88  9.29120e-17 -9.90000e+01  6.84219e-18
    5027.40  8.61210e-17 -9.90000e+01  6.83792e-18
    5028.93  9.14340e-17 -9.90000e+01  6.83782e-18
    5030.45  9.90150e-17 -9.90000e+01  6.84141e-18
    5031.98  9.22230e-17 -9.90000e+01  6.84846e-18
    5033.50  8.56480e-17 -9.90000e+01  6.85659e-18
    5035.02  9.38080e-17 -9.90000e+01  6.85824e-18
    5036.55  1.00890e-16 -9.90000e+01  6.85692e-18
    5038.07  1.00070e-16 -9.90000e+01  6.86272e-18
    5039.60  8.86420e-17 -9.90000e+01  6.87066e-18
    5041.12  8.69880e-17 -9.90000e+01  6.87013e-18
    5042.65  9.93480e-17 -9.90000e+01  6.86832e-18
    5044.18  9.45380e-17 -9.90000e+01  6.86879e-18
    5045.70  8.40030e-17 -9.90000e+01  6.86147e-18
    5047.23  8.89000e-17 -9.90000e+01  6.85962e-18
    5048.75  8.48920e-17 -9.90000e+01  6.86111e-18
    5050.27  8.77450e-17 -9.90000e+01  6.87653e-18
    5051.80  9.60500e-17 -9.90000e+01  6.88203e-18
    5053.32  9.74210e-17 -9.90000e+01  6.88300e-18
    5054.85  8.95840e-17 -9.90000e+01  6.89188e-18
    5056.38  8.76550e-17 -9.90000e+01  6.88788e-18
    5057.90  8.71160e-17 -9.90000e+01  6.88911e-18
    5059.43  8.90530e-17 -9.90000e+01  6.88771e-18
    5060.95  8.57570e-17 -9.90000e+01  6.87322e-18
    5062.47  8.16800e-17 -9.90000e+01  6.86755e-18
    5064.00  9.03530e-17 -9.90000e+01  6.88536e-18
    5065.52  8.59810e-17 -9.90000e+01  6.89700e-18
    5067.05  9.00610e-17 -9.90000e+01  6.90046e-18
    5068.57  8.88450e-17 -9.90000e+01  6.89401e-18
    5070.10  9.22110e-17 -9.90000e+01  6.89592e-18
    5071.62  8.61930e-17 -9.90000e+01  6.89774e-18
    5073.15  9.03510e-17 -9.90000e+01  6.90028e-18
    5074.68  8.60540e-17 -9.90000e+01  6.89684e-18
    5076.20  8.81570e-17 -9.90000e+01  6.90003e-18
    5077.73  7.76130e-17 -9.90000e+01  6.89484e-18
    5079.25  7.33310e-17 -9.90000e+01  6.89178e-18
    5080.77  7.55500e-17 -9.90000e+01  6.88865e-18
    5082.30  9.32470e-17 -9.90000e+01  6.90140e-18
    5083.82  1.00200e-16 -9.90000e+01  6.90659e-18
    5085.35  8.54570e-17 -9.90000e+01  6.90162e-18
    5086.88  8.85790e-17 -9.90000e+01  6.90674e-18
    5088.40  1.01400e-16 -9.90000e+01  6.90382e-18
    5089.93  9.30030e-17 -9.90000e+01  6.90511e-18
    5091.45  8.15620e-17 -9.90000e+01  6.91001e-18
    5092.98  8.31750e-17 -9.90000e+01  6.89960e-18
    5094.50  8.41120e-17 -9.90000e+01  6.89974e-18
    5096.02  7.76070e-17 -9.90000e+01  6.90527e-18
    5097.55  8.13740e-17 -9.90000e+01  6.90145e-18
    5099.07  9.68430e-17 -9.90000e+01  6.90456e-18
    5100.60  9.38290e-17 -9.90000e+01  6.90743e-18
    5102.12  8.80470e-17 -9.90000e+01  6.90275e-18
    5103.65  9.34880e-17 -9.90000e+01  6.90144e-18
    5105.18  9.62150e-17 -9.90000e+01  6.89475e-18
    5106.70  8.67840e-17 -9.90000e+01  6.89989e-18
    5108.23  9.16730e-17 -9.90000e+01  6.89208e-18
    5109.75  8.78310e-17 -9.90000e+01  6.88741e-18
    5111.27  8.42210e-17 -9.90000e+01  6.89728e-18
    5112.80  8.65000e-17 -9.90000e+01  6.89323e-18
    5114.32  8.14700e-17 -9.90000e+01  6.88177e-18
    5115.85  7.25300e-17 -9.90000e+01  6.88479e-18
    5117.38  7.17610e-17 -9.90000e+01  6.86882e-18
    5118.90  8.20100e-17 -9.90000e+01  6.85415e-18
    5120.43  8.64570e-17 -9.90000e+01  6.85007e-18
    5121.95  8.85190e-17 -9.90000e+01  6.85604e-18
    5123.48  8.96470e-17 -9.90000e+01  6.92144e-18
    5125.00  7.62070e-17 -9.90000e+01  6.97791e-18
    5126.52  7.60480e-17 -9.90000e+01  6.94998e-18
    5128.05  8.10830e-17 -9.90000e+01  6.91628e-18
    5129.57  8.33330e-17 -9.90000e+01  6.85348e-18
    5131.10  8.11980e-17 -9.90000e+01  6.82115e-18
    5132.62  8.94180e-17 -9.90000e+01  6.83041e-18
    5134.15  9.06590e-17 -9.90000e+01  6.83504e-18
    5135.68  8.54200e-17 -9.90000e+01  6.83144e-18
    5137.20  8.81210e-17 -9.90000e+01  6.82149e-18
    5138.73  9.29460e-17 -9.90000e+01  6.82326e-18
    5140.25  9.17770e-17 -9.90000e+01  6.82058e-18
    5141.77  8.39520e-17 -9.90000e+01  6.81851e-18
    5143.30  9.02270e-17 -9.90000e+01  6.81714e-18
    5144.82  9.26090e-17 -9.90000e+01  6.81573e-18
    5146.35  7.85900e-17 -9.90000e+01  6.81656e-18
    5147.88  8.26440e-17 -9.90000e+01  6.81520e-18
    5149.40  8.30140e-17 -9.90000e+01  6.80685e-18
    5150.93  8.94370e-17 -9.90000e+01  6.79081e-18
    5152.45  8.45500e-17 -9.90000e+01  6.77928e-18
    5153.98  8.56890e-17 -9.90000e+01  6.78175e-18
    5155.50  9.40520e-17 -9.90000e+01  6.77018e-18
    5157.02  1.01070e-16 -9.90000e+01  6.76373e-18
    5158.55  8.73730e-17 -9.90000e+01  6.76392e-18
    5160.07  9.37670e-17 -9.90000e+01  6.76118e-18
    5161.60  9.02800e-17 -9.90000e+01  6.77205e-18
    5163.12  9.57490e-17 -9.90000e+01  6.76940e-18
    5164.65  9.29460e-17 -9.90000e+01  6.75933e-18
    5166.18  8.77090e-17 -9.90000e+01  6.74449e-18
    5167.70  7.79700e-17 -9.90000e+01  6.72894e-18
    5169.23  7.84020e-17 -9.90000e+01  6.72897e-18
    5170.75  8.46500e-17 -9.90000e+01  6.72839e-18
    5172.27  7.59500e-17 -9.90000e+01  6.72143e-18
    5173.80  8.44850e-17 -9.90000e+01  6.72141e-18
    5175.32  8.45570e-17 -9.90000e+01  6.71750e-18
    5176.85  7.79840e-17 -9.90000e+01  6.70090e-18
    5178.38  9.11850e-17 -9.90000e+01  6.70103e-18
    5179.90  9.13880e-17 -9.90000e+01  6.69157e-18
    5181.43  9.35820e-17 -9.90000e+01  6.69771e-18
    5182.95  7.92540e-17 -9.90000e+01  6.70085e-18
    5184.48  8.06920e-17 -9.90000e+01  6.68296e-18
    5186.00  8.71750e-17 -9.90000e+01  6.67640e-18
    5187.52  8.48750e-17 -9.90000e+01  6.66759e-18
    5189.05  9.57780e-17 -9.90000e+01  6.66081e-18
    5190.57  8.64200e-17 -9.90000e+01  6.65844e-18
    5192.10  8.82220e-17 -9.90000e+01  6.65126e-18
    5193.62  8.95910e-17 -9.90000e+01  6.64585e-18
    5195.15  8.21610e-17 -9.90000e+01  6.63771e-18
    5196.68  7.51930e-17 -9.90000e+01  6.64796e-18
    5198.20  7.75760e-17 -9.90000e+01  6.65636e-18
    5199.73  9.09650e-17 -9.90000e+01  6.65196e-18
    5201.25  8.75020e-17 -9.90000e+01  6.64789e-18
    5202.77  9.07470e-17 -9.90000e+01  6.63639e-18
    5204.30  7.57600e-17 -9.90000e+01  6.76338e-18
    5205.82  7.97530e-17 -9.90000e+01  6.72038e-18
    5207.35  8.09010e-17 -9.90000e+01  6.61305e-18
    5208.88  8.50540e-17 -9.90000e+01  6.64685e-18
    5210.40  8.47430e-17 -9.90000e+01  6.68205e-18
    5211.93  8.05600e-17 -9.90000e+01  6.63891e-18
    5213.45  7.66740e-17 -9.90000e+01  6.63653e-18
    5214.98  7.15240e-17 -9.90000e+01  6.62944e-18
    5216.50  7.41300e-17 -9.90000e+01  6.61838e-18
    5218.02  8.40630e-17 -9.90000e+01  6.62635e-18
    5219.55  8.05270e-17 -9.90000e+01  6.62963e-18
    5221.07  7.59520e-17 -9.90000e+01  6.64552e-18
    5222.60  8.66240e-17 -9.90000e+01  6.64874e-18
    5224.13  8.77940e-17 -9.90000e+01  6.63074e-18
    5225.65  8.42230e-17 -9.90000e+01  6.64295e-18
    5227.18  8.85950e-17 -9.90000e+01  6.64272e-18
    5228.70  8.16270e-17 -9.90000e+01  6.65310e-18
    5230.23  8.05410e-17 -9.90000e+01  6.66626e-18
    5231.75  8.02930e-17 -9.90000e+01  6.66500e-18
    5233.27  7.06190e-17 -9.90000e+01  6.66896e-18
    5234.80  7.86180e-17 -9.90000e+01  6.67593e-18
    5236.32  8.08150e-17 -9.90000e+01  6.67715e-18
    5237.85  8.48350e-17 -9.90000e+01  6.68710e-18
    5239.37  9.11530e-17 -9.90000e+01  6.68372e-18
    5240.90  8.90270e-17 -9.90000e+01  6.69673e-18
    5242.43  8.45970e-17 -9.90000e+01  6.71109e-18
    5243.95  8.96140e-17 -9.90000e+01  6.71643e-18
    5245.48  7.74640e-17 -9.90000e+01  6.72857e-18
    5247.00  7.92030e-17 -9.90000e+01  6.74109e-18
    5248.52  8.88460e-17 -9.90000e+01  6.74855e-18
    5250.05  8.26250e-17 -9.90000e+01  6.76000e-18
    5251.57  7.38300e-17 -9.90000e+01  6.76220e-18
    5253.10  7.52740e-17 -9.90000e+01  6.75923e-18
    5254.62  7.85740e-17 -9.90000e+01  6.77061e-18
    5256.15  8.30540e-17 -9.90000e+01  6.78225e-18
    5257.68  7.70760e-17 -9.90000e+01  6.81002e-18
    5259.20  8.02230e-17 -9.90000e+01  6.81803e-18
    5260.73  8.43420e-17 -9.90000e+01  6.84044e-18
    5262.25  8.98170e-17 -9.90000e+01  6.85734e-18
    5263.77  8.22400e-17 -9.90000e+01  6.87284e-18
    5265.30  8.52210e-17 -9.90000e+01  6.89412e-18
    5266.82  7.62120e-17 -9.90000e+01  6.91724e-18
    5268.35  8.13310e-17 -9.90000e+01  6.93510e-18
    5269.88  8.63830e-17 -9.90000e+01  6.94765e-18
    5271.40  9.02690e-17 -9.90000e+01  6.96972e-18
    5272.93  8.34400e-17 -9.90000e+01  6.98992e-18
    5274.45  7.84490e-17 -9.90000e+01  7.00622e-18
    5275.98  8.27320e-17 -9.90000e+01  7.02756e-18
    5277.50  8.48410e-17 -9.90000e+01  7.05506e-18
    5279.02  9.04620e-17 -9.90000e+01  7.10210e-18
    5280.55  7.97240e-17 -9.90000e+01  7.13319e-18
    5282.07  7.61550e-17 -9.90000e+01  7.14302e-18
    5283.60  7.67410e-17 -9.90000e+01  7.14511e-18
    5285.12  8.13160e-17 -9.90000e+01  7.16542e-18
    5286.65  8.05920e-17 -9.90000e+01  7.17856e-18
    5288.18  8.27160e-17 -9.90000e+01  7.20228e-18
    5289.70  8.17650e-17 -9.90000e+01  7.21816e-18
    5291.23  9.23930e-17 -9.90000e+01  7.25480e-18
    5292.75  8.56050e-17 -9.90000e+01  7.28401e-18
    5294.27  8.32990e-17 -9.90000e+01  7.31184e-18
    5295.80  8.54760e-17 -9.90000e+01  7.33322e-18
    5297.32  8.07750e-17 -9.90000e+01  7.36364e-18
    5298.85  9.20060e-17 -9.90000e+01  7.39952e-18
    5300.38  8.17690e-17 -9.90000e+01  7.42233e-18
    5301.90  7.48670e-17 -9.90000e+01  7.45349e-18
    5303.43  8.38400e-17 -9.90000e+01  7.49288e-18
    5304.95  9.06300e-17 -9.90000e+01  7.52581e-18
    5306.48  8.61290e-17 -9.90000e+01  7.55251e-18
    5308.00  8.99520e-17 -9.90000e+01  7.58881e-18
    5309.52  7.87590e-17 -9.90000e+01  7.61386e-18
    5311.05  9.04970e-17 -9.90000e+01  7.64729e-18
    5312.57  9.05530e-17 -9.90000e+01  7.67535e-18
    5314.10  8.33890e-17 -9.90000e+01  7.69568e-18
    5315.62  8.56970e-17 -9.90000e+01  7.72800e-18
    5317.15  7.50710e-17 -9.90000e+01  7.76812e-18
    5318.68  6.31040e-17 -9.90000e+01  7.80864e-18
    5320.20  8.09690e-17 -9.90000e+01  7.85217e-18
    5321.73  8.90960e-17 -9.90000e+01  7.88319e-18
    5323.25  9.01690e-17 -9.90000e+01  7.91475e-18
    5324.77  8.51090e-17 -9.90000e+01  7.94781e-18
    5326.30  8.14000e-17 -9.90000e+01  7.97767e-18
    5327.82  9.22580e-17 -9.90000e+01  8.00915e-18
    5329.35  7.90620e-17 -9.90000e+01  8.05101e-18
    5330.88  7.81980e-17 -9.90000e+01  8.09367e-18
    5332.40  8.93500e-17 -9.90000e+01  8.13302e-18
    5333.93  8.79630e-17 -9.90000e+01  8.16775e-18
    5335.45  8.91820e-17 -9.90000e+01  8.19966e-18
    5336.98  8.89760e-17 -9.90000e+01  8.23621e-18
    5338.50  9.20880e-17 -9.90000e+01  8.26319e-18
    5340.02  8.01810e-17 -9.90000e+01  8.29733e-18
    5341.55  7.83630e-17 -9.90000e+01  8.33116e-18
    5343.07  8.03020e-17 -9.90000e+01  8.36821e-18
    5344.60  8.55970e-17 -9.90000e+01  8.40672e-18
    5346.12  7.90600e-17 -9.90000e+01  8.44225e-18
    5347.65  8.61070e-17 -9.90000e+01  8.47565e-18
    5349.18  8.06670e-17 -9.90000e+01  8.51739e-18
    5350.70  7.05680e-17 -9.90000e+01  8.54972e-18
    5352.23  7.49230e-17 -9.90000e+01  8.58307e-18
    5353.75  8.71870e-17 -9.90000e+01  8.62221e-18
    5355.27  9.85410e-17 -9.90000e+01  8.64696e-18
    5356.80  8.62780e-17 -9.90000e+01  8.67108e-18
    5358.32  8.79940e-17 -9.90000e+01  8.70677e-18
    5359.85  9.09090e-17 -9.90000e+01  8.75186e-18
    5361.38  8.47750e-17 -9.90000e+01  8.78560e-18
    5362.90  7.59420e-17 -9.90000e+01  8.82390e-18
    5364.43  9.08000e-17 -9.90000e+01  8.85969e-18
    5365.95  8.69230e-17 -9.90000e+01  8.88381e-18
    5367.48  7.36490e-17 -9.90000e+01  8.91889e-18
    5369.00  7.70060e-17 -9.90000e+01  8.95343e-18
    5370.52  8.15360e-17 -9.90000e+01  8.99465e-18
    5372.05  8.61860e-17 -9.90000e+01  9.01194e-18
    5373.57  8.02630e-17 -9.90000e+01  9.03914e-18
    5375.10  8.76490e-17 -9.90000e+01  9.06188e-18
    5376.62  9.10440e-17 -9.90000e+01  9.08703e-18
    5378.15  9.50020e-17 -9.90000e+01  9.12676e-18
    5379.68  7.89390e-17 -9.90000e+01  9.15870e-18
    5381.20  8.49730e-17 -9.90000e+01  9.18108e-18
    5382.73  9.10540e-17 -9.90000e+01  9.20659e-18
    5384.25  9.57950e-17 -9.90000e+01  9.21840e-18
    5385.77  9.62730e-17 -9.90000e+01  9.23986e-18
    5387.30  7.64410e-17 -9.90000e+01  9.27002e-18
    5388.82  7.16060e-17 -9.90000e+01  9.28776e-18
    5390.35  5.83650e-17 -9.90000e+01  9.31269e-18
    5391.88  6.43620e-17 -9.90000e+01  9.34393e-18
    5393.40  6.45860e-17 -9.90000e+01  9.36546e-18
    5394.93  7.61920e-17 -9.90000e+01  9.39226e-18
    5396.45  9.77730e-17 -9.90000e+01  9.41419e-18
    5397.98  8.44630e-17 -9.90000e+01  9.44170e-18
    5399.50  7.71930e-17 -9.90000e+01  9.45452e-18
    5401.03  8.11330e-17 -9.90000e+01  9.46009e-18
    5402.55  7.86780e-17 -9.90000e+01  9.46790e-18
    5404.07  7.94860e-17 -9.90000e+01  9.48897e-18
    5405.60  7.43290e-17 -9.90000e+01  9.51784e-18
    5407.12  8.64140e-17 -9.90000e+01  9.54711e-18
    5408.65  8.81710e-17 -9.90000e+01  9.57130e-18
    5410.18  9.70520e-17 -9.90000e+01  9.57998e-18
    5411.70  9.07680e-17 -9.90000e+01  9.58047e-18
    5413.23  8.76740e-17 -9.90000e+01  9.59723e-18
    5414.75  9.43640e-17 -9.90000e+01  9.65963e-18
    5416.27  8.47490e-17 -9.90000e+01  9.78076e-18
    5417.80  8.96160e-17 -9.90000e+01  9.86577e-18
    5419.32  1.07420e-16 -9.90000e+01  9.90920e-18
    5420.85  1.09130e-16 -9.90000e+01  9.87759e-18
    5422.38  9.78980e-17 -9.90000e+01  9.80275e-18
    5423.90  9.87930e-17 -9.90000e+01  9.72693e-18
    5425.43  1.06550e-16 -9.90000e+01  9.68394e-18
    5426.95  9.97850e-17 -9.90000e+01  9.67296e-18
    5428.48  1.01310e-16 -9.90000e+01  9.66928e-18
    5430.00  7.84030e-17 -9.90000e+01  9.66079e-18
    5431.52  8.36750e-17 -9.90000e+01  9.67321e-18
    5433.05  8.99010e-17 -9.90000e+01  9.66753e-18
    5434.57  9.20260e-17 -9.90000e+01  9.67456e-18
    5436.10  1.11490e-16 -9.90000e+01  9.67742e-18
    5437.62  9.93150e-17 -9.90000e+01  9.67169e-18
    5439.15  1.02300e-16 -9.90000e+01  9.67669e-18
    5440.68  1.06960e-16 -9.90000e+01  9.68264e-18
    5442.20  1.18910e-16 -9.90000e+01  9.67787e-18
    5443.73  1.20110e-16 -9.90000e+01  9.67475e-18
    5445.25  1.08640e-16 -9.90000e+01  9.65958e-18
    5446.77  1.16430e-16 -9.90000e+01  9.64800e-18
    5448.30  1.09550e-16 -9.90000e+01  9.63174e-18
    5449.82  9.74170e-17 -9.90000e+01  9.60567e-18
    5451.35  1.03380e-16 -9.90000e+01  9.59830e-18
    5452.88  9.72660e-17 -9.90000e+01  9.59140e-18
    5454.40  1.00770e-16 -9.90000e+01  9.58894e-18
    5455.93  1.06780e-16 -9.90000e+01  9.57578e-18
    5457.45  1.15780e-16 -9.90000e+01  9.57791e-18
    5458.98  1.32890e-16 -9.90000e+01  9.58716e-18
    5460.50  7.72200e-17 -9.90000e+01  9.57577e-18
    5462.02  7.99060e-17 -9.90000e+01  9.56511e-18
    5463.55  8.94300e-17 -9.90000e+01  9.53795e-18
    5465.07  9.77780e-17 -9.90000e+01  9.50572e-18
    5466.60  9.22440e-17 -9.90000e+01  9.48269e-18
    5468.12  8.34560e-17 -9.90000e+01  9.46628e-18
    5469.65  9.06180e-17 -9.90000e+01  9.45690e-18
    5471.18  1.01000e-16 -9.90000e+01  9.44587e-18
    5472.70  9.44140e-17 -9.90000e+01  9.42966e-18
    5474.23  9.78520e-17 -9.90000e+01  9.40269e-18
    5475.75  1.01160e-16 -9.90000e+01  9.39064e-18
    5477.27  1.02690e-16 -9.90000e+01  9.38689e-18
    5478.80  9.63590e-17 -9.90000e+01  9.37282e-18
    5480.32  1.05060e-16 -9.90000e+01  9.34763e-18
    5481.85  1.03460e-16 -9.90000e+01  9.32231e-18
    5483.38  9.40750e-17 -9.90000e+01  9.28853e-18
    5484.90  9.98700e-17 -9.90000e+01  9.26424e-18
    5486.43  7.51190e-17 -9.90000e+01  9.22728e-18
    5487.95  8.03980e-17 -9.90000e+01  9.19703e-18
    5489.48  1.01080e-16 -9.90000e+01  9.17699e-18
    5491.00  1.03830e-16 -9.90000e+01  9.15202e-18
    5492.52  8.34460e-17 -9.90000e+01  9.12499e-18
    5494.05  8.45860e-17 -9.90000e+01  9.10573e-18
    5495.57  1.11940e-16 -9.90000e+01  9.09066e-18
    5497.10  9.70990e-17 -9.90000e+01  9.07129e-18
    5498.62  9.56450e-17 -9.90000e+01  9.05410e-18
    5500.15  9.47420e-17 -9.90000e+01  9.03373e-18
    5501.68  9.38060e-17 -9.90000e+01  8.99851e-18
    5503.20  9.63710e-17 -9.90000e+01  8.95786e-18
    5504.73  9.24110e-17 -9.90000e+01  8.93692e-18
    5506.25  8.98790e-17 -9.90000e+01  8.90507e-18
    5507.77  9.11780e-17 -9.90000e+01  8.87179e-18
    5509.30  9.70260e-17 -9.90000e+01  8.84845e-18
    5510.82  1.03600e-16 -9.90000e+01  8.81546e-18
    5512.35  1.03770e-16 -9.90000e+01  8.78931e-18
    5513.88  9.82300e-17 -9.90000e+01  8.76741e-18
    5515.40  9.85250e-17 -9.90000e+01  8.74020e-18
    5516.93  9.14680e-17 -9.90000e+01  8.70890e-18
    5518.45  1.00110e-16 -9.90000e+01  8.67640e-18
    5519.98  9.31290e-17 -9.90000e+01  8.64370e-18
    5521.50  8.70450e-17 -9.90000e+01  8.62432e-18
    5523.02  9.42100e-17 -9.90000e+01  8.59298e-18
    5524.55  9.78150e-17 -9.90000e+01  8.56536e-18
    5526.07  9.50070e-17 -9.90000e+01  8.54133e-18
    5527.60  8.18100e-17 -9.90000e+01  8.52024e-18
    5529.12  8.48950e-17 -9.90000e+01  8.48416e-18
    5530.65  9.06600e-17 -9.90000e+01  8.45711e-18
    5532.18  9.26880e-17 -9.90000e+01  8.42442e-18
    5533.70  9.59440e-17 -9.90000e+01  8.38607e-18
    5535.23  9.79500e-17 -9.90000e+01  8.35320e-18
    5536.75  9.65960e-17 -9.90000e+01  8.33440e-18
    5538.27  9.60570e-17 -9.90000e+01  8.29998e-18
    5539.80  8.76210e-17 -9.90000e+01  8.26483e-18
    5541.32  9.18660e-17 -9.90000e+01  8.23800e-18
    5542.85  8.99000e-17 -9.90000e+01  8.20720e-18
    5544.38  8.74740e-17 -9.90000e+01  8.17477e-18
    5545.90  7.37040e-17 -9.90000e+01  8.14645e-18
    5547.43  7.97910e-17 -9.90000e+01  8.11339e-18
    5548.95  9.55200e-17 -9.90000e+01  8.09082e-18
    5550.48  8.32100e-17 -9.90000e+01  8.05640e-18
    5552.00  7.74260e-17 -9.90000e+01  8.01381e-18
    5553.52  8.91290e-17 -9.90000e+01  7.98060e-18
    5555.05  9.31730e-17 -9.90000e+01  7.95414e-18
    5556.57  9.38350e-17 -9.90000e+01  7.92962e-18
    5558.10  9.86550e-17 -9.90000e+01  7.90208e-18
    5559.62  9.08050e-17 -9.90000e+01  7.86589e-18
    5561.15  8.83190e-17 -9.90000e+01  7.84657e-18
    5562.67  9.88900e-17 -9.90000e+01  7.81486e-18
    5564.20  9.99720e-17 -9.90000e+01  7.78060e-18
    5565.73  9.71020e-17 -9.90000e+01  7.75970e-18
    5567.25  9.45270e-17 -9.90000e+01  7.73322e-18
    5568.77  9.45290e-17 -9.90000e+01  7.70088e-18
    5570.30  8.29490e-17 -9.90000e+01  7.66562e-18
    5571.82  9.36060e-17 -9.90000e+01  7.63486e-18
    5573.35  1.16530e-16 -9.90000e+01  7.61668e-18
    5574.88  1.04390e-16 -9.90000e+01  7.59917e-18
    5576.40  1.02380e-16 -9.90000e+01  7.56353e-18
    5577.93  1.15280e-16 -9.90000e+01  7.53247e-18
    5579.45  1.05710e-16 -9.90000e+01  7.50685e-18
    5580.98  9.26940e-17 -9.90000e+01  7.48332e-18
    5582.50  1.04200e-16 -9.90000e+01  7.45022e-18
    5584.02  1.02950e-16 -9.90000e+01  7.41487e-18
    5585.55  9.38780e-17 -9.90000e+01  7.39004e-18
    5587.07  9.13040e-17 -9.90000e+01  7.36323e-18
    5588.60  8.47310e-17 -9.90000e+01  7.32456e-18
    5590.12  9.26030e-17 -9.90000e+01  7.29613e-18
    5591.65  9.58270e-17 -9.90000e+01  7.27624e-18
    5593.18  1.05230e-16 -9.90000e+01  7.25117e-18
    5594.70  1.03520e-16 -9.90000e+01  7.22420e-18
    5596.23  9.51630e-17 -9.90000e+01  7.19686e-18
    5597.75  9.16520e-17 -9.90000e+01  7.16712e-18
    5599.27  9.03380e-17 -9.90000e+01  7.14463e-18
    5600.80  9.49560e-17 -9.90000e+01  7.12266e-18
    5602.32  9.68640e-17 -9.90000e+01  7.08939e-18
    5603.85  9.73490e-17 -9.90000e+01  7.05917e-18
    5605.38  1.09720e-16 -9.90000e+01  7.03779e-18
    5606.90  1.05710e-16 -9.90000e+01  7.01710e-18
    5608.43  9.84980e-17 -9.90000e+01  6.98824e-18
    5609.95  9.86410e-17 -9.90000e+01  6.95438e-18
    5611.48  1.03460e-16 -9.90000e+01  6.92727e-18
    5613.00  1.02780e-16 -9.90000e+01  6.90826e-18
    5614.52  9.76780e-17 -9.90000e+01  6.88002e-18
    5616.05  1.07160e-16 -9.90000e+01  6.85787e-18
    5617.57  1.04230e-16 -9.90000e+01  6.81971e-18
    5619.10  9.69680e-17 -9.90000e+01  6.79001e-18
    5620.62  9.78470e-17 -9.90000e+01  6.76499e-18
    5622.15  9.97180e-17 -9.90000e+01  6.74424e-18
    5623.68  1.01610e-16 -9.90000e+01  6.73342e-18
    5625.20  1.04100e-16 -9.90000e+01  6.70400e-18
    5626.73  9.71300e-17 -9.90000e+01  6.67606e-18
    5628.25  9.07400e-17 -9.90000e+01  6.65017e-18
    5629.77  9.59430e-17 -9.90000e+01  6.62964e-18
    5631.30  1.07340e-16 -9.90000e+01  6.60858e-18
    5632.82  1.05030e-16 -9.90000e+01  6.58022e-18
    5634.35  9.20520e-17 -9.90000e+01  6.54846e-18
    5635.88  9.11550e-17 -9.90000e+01  6.52911e-18
    5637.40  9.45580e-17 -9.90000e+01  6.50392e-18
    5638.93  9.16100e-17 -9.90000e+01  6.48621e-18
    5640.45  9.26800e-17 -9.90000e+01  6.46494e-18
    5641.98  9.80170e-17 -9.90000e+01  6.43721e-18
    5643.50  9.89950e-17 -9.90000e+01  6.42320e-18
    5645.02  9.94960e-17 -9.90000e+01  6.40161e-18
    5646.55  1.02530e-16 -9.90000e+01  6.37670e-18
    5648.07  1.02020e-16 -9.90000e+01  6.36599e-18
    5649.60  1.00550e-16 -9.90000e+01  6.34870e-18
    5651.12  9.19310e-17 -9.90000e+01  6.31377e-18
    5652.65  9.40300e-17 -9.90000e+01  6.28964e-18
    5654.18  1.06720e-16 -9.90000e+01  6.26388e-18
    5655.70  1.02440e-16 -9.90000e+01  6.24777e-18
    5657.23  9.99040e-17 -9.90000e+01  6.22831e-18
    5658.75  1.03520e-16 -9.90000e+01  6.20713e-18
    5660.27  9.96440e-17 -9.90000e+01  6.18726e-18
    5661.80  8.91560e-17 -9.90000e+01  6.15200e-18
    5663.32  9.25770e-17 -9.90000e+01  6.13339e-18
    5664.85  1.02990e-16 -9.90000e+01  6.12203e-18
    5666.38  1.02770e-16 -9.90000e+01  6.10523e-18
    5667.90  9.36240e-17 -9.90000e+01  6.08234e-18
    5669.43  1.02190e-16 -9.90000e+01  6.06994e-18
    5670.95  1.07700e-16 -9.90000e+01  6.04801e-18
    5672.48  9.94180e-17 -9.90000e+01  6.02944e-18
    5674.00  9.78350e-17 -9.90000e+01  6.00715e-18
    5675.52  1.01380e-16 -9.90000e+01  5.98436e-18
    5677.05  1.02970e-16 -9.90000e+01  5.96302e-18
    5678.57  1.12940e-16 -9.90000e+01  5.94397e-18
    5680.10  1.14690e-16 -9.90000e+01  5.92622e-18
    5681.62  1.00160e-16 -9.90000e+01  5.91819e-18
    5683.15  9.41130e-17 -9.90000e+01  5.89678e-18
    5684.68  9.47330e-17 -9.90000e+01  5.86889e-18
    5686.20  8.61710e-17 -9.90000e+01  5.85076e-18
    5687.73  8.79040e-17 -9.90000e+01  5.83857e-18
    5689.25  9.80240e-17 -9.90000e+01  5.81942e-18
    5690.77  9.93020e-17 -9.90000e+01  5.80782e-18
    5692.30  9.93120e-17 -9.90000e+01  5.78488e-18
    5693.82  9.47750e-17 -9.90000e+01  5.77166e-18
    5695.35  9.18310e-17 -9.90000e+01  5.75245e-18
    5696.88  9.77670e-17 -9.90000e+01  5.73354e-18
    5698.40  1.04320e-16 -9.90000e+01  5.72147e-18
    5699.93  9.99680e-17 -9.90000e+01  5.69856e-18
    5701.45  9.58770e-17 -9.90000e+01  5.68440e-18
    5702.98  9.72890e-17 -9.90000e+01  5.66252e-18
    5704.50  9.83560e-17 -9.90000e+01  5.64383e-18
    5706.02  9.64620e-17 -9.90000e+01  5.63599e-18
    5707.55  9.15480e-17 -9.90000e+01  5.62557e-18
    5709.07  9.03500e-17 -9.90000e+01  5.60987e-18
    5710.60  8.81600e-17 -9.90000e+01  5.60102e-18
    5712.12  9.01690e-17 -9.90000e+01  5.58612e-18
    5713.65  9.42410e-17 -9.90000e+01  5.57150e-18
    5715.18  9.64990e-17 -9.90000e+01  5.55712e-18
    5716.70  1.00070e-16 -9.90000e+01  5.54152e-18
    5718.23  1.02980e-16 -9.90000e+01  5.52185e-18
    5719.75  9.65220e-17 -9.90000e+01  5.50538e-18
    5721.27  8.96620e-17 -9.90000e+01  5.50479e-18
    5722.80  9.39500e-17 -9.90000e+01  5.49319e-18
    5724.33  9.38210e-17 -9.90000e+01  5.47760e-18
    5725.85  9.45950e-17 -9.90000e+01  5.46536e-18
    5727.38  1.00180e-16 -9.90000e+01  5.44810e-18
    5728.90  9.42070e-17 -9.90000e+01  5.43738e-18
    5730.43  9.05960e-17 -9.90000e+01  5.42576e-18
    5731.95  8.83210e-17 -9.90000e+01  5.42105e-18
    5733.48  8.81050e-17 -9.90000e+01  5.41279e-18
    5735.00  9.28010e-17 -9.90000e+01  5.40456e-18
    5736.52  9.71640e-17 -9.90000e+01  5.39307e-18
    5738.05  9.51230e-17 -9.90000e+01  5.37651e-18
    5739.57  8.41300e-17 -9.90000e+01  5.36871e-18
    5741.10  8.52130e-17 -9.90000e+01  5.35924e-18
    5742.62  9.32340e-17 -9.90000e+01  5.35139e-18
    5744.15  8.67640e-17 -9.90000e+01  5.33809e-18
    5745.68  8.36450e-17 -9.90000e+01  5.32847e-18
    5747.20  9.04650e-17 -9.90000e+01  5.32276e-18
    5748.73  8.89380e-17 -9.90000e+01  5.31029e-18
    5750.25  8.61970e-17 -9.90000e+01  5.30502e-18
    5751.77  9.10510e-17 -9.90000e+01  5.29545e-18
    5753.30  9.22130e-17 -9.90000e+01  5.28477e-18
    5754.82  9.21750e-17 -9.90000e+01  5.28064e-18
    5756.35  8.91460e-17 -9.90000e+01  5.27639e-18
    5757.88  8.87140e-17 -9.90000e+01  5.26910e-18
    5759.40  9.45690e-17 -9.90000e+01  5.26113e-18
    5760.93  9.92790e-17 -9.90000e+01  5.24817e-18
    5762.45  9.45610e-17 -9.90000e+01  5.24199e-18
    5763.98  8.91660e-17 -9.90000e+01  5.24222e-18
    5765.50  8.75830e-17 -9.90000e+01  5.22963e-18
    5767.02  9.72360e-17 -9.90000e+01  5.22062e-18
    5768.55  9.42820e-17 -9.90000e+01  5.22153e-18
    5770.07  9.04500e-17 -9.90000e+01  5.22205e-18
    5771.60  8.41520e-17 -9.90000e+01  5.21453e-18
    5773.12  7.69450e-17 -9.90000e+01  5.21318e-18
    5774.65  7.96800e-17 -9.90000e+01  5.21024e-18
    5776.18  8.71430e-17 -9.90000e+01  5.21516e-18
    5777.70  8.95810e-17 -9.90000e+01  5.21577e-18
    5779.23  8.77820e-17 -9.90000e+01  5.21684e-18
    5780.75  8.35270e-17 -9.90000e+01  5.21284e-18
    5782.27  8.45500e-17 -9.90000e+01  5.21142e-18
    5783.80  8.54850e-17 -9.90000e+01  5.19608e-18
    5785.32  8.68890e-17 -9.90000e+01  5.18671e-18
    5786.85  8.71280e-17 -9.90000e+01  5.18513e-18
    5788.38  8.82680e-17 -9.90000e+01  5.18150e-18
    5789.90  8.47490e-17 -9.90000e+01  5.17830e-18
    5791.43  8.74790e-17 -9.90000e+01  5.17702e-18
    5792.95  8.83320e-17 -9.90000e+01  5.17253e-18
    5794.48  8.86560e-17 -9.90000e+01  5.17697e-18
    5796.00  9.04380e-17 -9.90000e+01  5.17951e-18
    5797.52  9.33530e-17 -9.90000e+01  5.19082e-18
    5799.05  9.44860e-17 -9.90000e+01  5.19801e-18
    5800.57  9.11990e-17 -9.90000e+01  5.19741e-18
    5802.10  9.02620e-17 -9.90000e+01  5.21591e-18
    5803.62  9.25620e-17 -9.90000e+01  5.25272e-18
    5805.15  9.62150e-17 -9.90000e+01  5.30924e-18
    5806.68  9.11570e-17 -9.90000e+01  5.38396e-18
    5808.20  8.71370e-17 -9.90000e+01  5.49237e-18
    5809.73  9.22500e-17 -9.90000e+01  5.87148e-18
    5811.25  9.49130e-17 -9.90000e+01  6.39962e-18
    5812.77  9.33940e-17 -9.90000e+01  6.68896e-18
    5814.30  9.36470e-17 -9.90000e+01  6.73513e-18
    5815.82  9.30230e-17 -9.90000e+01  6.56778e-18
    5817.35  9.15790e-17 -9.90000e+01  6.19180e-18
    5818.88  9.49150e-17 -9.90000e+01  5.79127e-18
    5820.40  9.51320e-17 -9.90000e+01  5.42800e-18
    5821.93  9.80480e-17 -9.90000e+01  5.22407e-18
    5823.45  9.84620e-17 -9.90000e+01  5.18946e-18
    5824.98  9.80980e-17 -9.90000e+01  5.20314e-18
    5826.50  1.04070e-16 -9.90000e+01  5.20428e-18
    5828.02  1.04230e-16 -9.90000e+01  5.19929e-18
    5829.55  1.01770e-16 -9.90000e+01  5.19257e-18
    5831.07  1.01720e-16 -9.90000e+01  5.19281e-18
    5832.60  1.04910e-16 -9.90000e+01  5.19771e-18
    5834.12  9.80600e-17 -9.90000e+01  5.20047e-18
    5835.65  9.67920e-17 -9.90000e+01  5.20809e-18
    5837.18  9.41470e-17 -9.90000e+01  5.21320e-18
    5838.70  9.77900e-17 -9.90000e+01  5.21496e-18
    5840.23  9.49050e-17 -9.90000e+01  5.22438e-18
    5841.75  8.94240e-17 -9.90000e+01  5.23819e-18
    5843.27  8.91700e-17 -9.90000e+01  5.24705e-18
    5844.80  8.71180e-17 -9.90000e+01  5.24378e-18
    5846.32  9.20780e-17 -9.90000e+01  5.23423e-18
    5847.85  9.61580e-17 -9.90000e+01  5.22835e-18
    5849.38  9.47170e-17 -9.90000e+01  5.23240e-18
    5850.90  8.52880e-17 -9.90000e+01  5.23591e-18
    5852.43  9.00860e-17 -9.90000e+01  5.24077e-18
    5853.95  9.25480e-17 -9.90000e+01  5.24700e-18
    5855.48  9.33260e-17 -9.90000e+01  5.24743e-18
    5857.00  9.02520e-17 -9.90000e+01  5.25191e-18
    5858.52  9.28260e-17 -9.90000e+01  5.25791e-18
    5860.05  1.02120e-16 -9.90000e+01  5.26473e-18
    5861.57  9.75930e-17 -9.90000e+01  5.27557e-18
    5863.10  9.98000e-17 -9.90000e+01  5.27728e-18
    5864.62  9.55130e-17 -9.90000e+01  5.27562e-18
    5866.15  8.91520e-17 -9.90000e+01  5.27474e-18
    5867.68  1.02640e-16 -9.90000e+01  5.27486e-18
    5869.20  1.02950e-16 -9.90000e+01  5.27422e-18
    5870.73  9.33310e-17 -9.90000e+01  5.27490e-18
    5872.25  8.82880e-17 -9.90000e+01  5.28492e-18
    5873.77  8.49980e-17 -9.90000e+01  5.29007e-18
    5875.30  8.65510e-17 -9.90000e+01  5.28817e-18
    5876.82  8.61390e-17 -9.90000e+01  5.29199e-18
    5878.35  8.46910e-17 -9.90000e+01  5.30100e-18
    5879.88  9.41210e-17 -9.90000e+01  5.30501e-18
    5881.40  1.04420e-16 -9.90000e+01  5.31107e-18
    5882.93  1.01890e-16 -9.90000e+01  5.32262e-18
    5884.45  9.94150e-17 -9.90000e+01  5.32797e-18
    5885.97  9.18150e-17 -9.90000e+01  5.33011e-18
    5887.50  7.68890e-17 -9.90000e+01  5.33043e-18
    5889.02  6.17620e-17 -9.90000e+01  5.33006e-18
    5890.55  7.63100e-17 -9.90000e+01  5.32659e-18
    5892.07  9.53030e-17 -9.90000e+01  5.32723e-18
    5893.60  1.05160e-16 -9.90000e+01  5.32976e-18
    5895.12  1.02180e-16 -9.90000e+01  5.33456e-18
    5896.65  9.91660e-17 -9.90000e+01  5.33560e-18
    5898.18  8.63350e-17 -9.90000e+01  5.33384e-18
    5899.70  8.22230e-17 -9.90000e+01  5.33695e-18
    5901.22  8.94710e-17 -9.90000e+01  5.34295e-18
    5902.75  9.29940e-17 -9.90000e+01  5.35069e-18
    5904.27  9.71640e-17 -9.90000e+01  5.35186e-18
    5905.80  9.93630e-17 -9.90000e+01  5.35385e-18
    5907.32  1.03470e-16 -9.90000e+01  5.36186e-18
    5908.85  9.74330e-17 -9.90000e+01  5.36652e-18
    5910.38  9.04960e-17 -9.90000e+01  5.36934e-18
    5911.90  9.25270e-17 -9.90000e+01  5.37159e-18
    5913.43  9.53290e-17 -9.90000e+01  5.36870e-18
    5914.95  1.00780e-16 -9.90000e+01  5.36924e-18
    5916.48  1.00680e-16 -9.90000e+01  5.37656e-18
    5918.00  9.26340e-17 -9.90000e+01  5.38168e-18
    5919.52  9.30830e-17 -9.90000e+01  5.37861e-18
    5921.05  9.33370e-17 -9.90000e+01  5.38010e-18
    5922.57  9.67160e-17 -9.90000e+01  5.37997e-18
    5924.10  1.05120e-16 -9.90000e+01  5.38063e-18
    5925.62  9.50820e-17 -9.90000e+01  5.38043e-18
    5927.15  8.32110e-17 -9.90000e+01  5.38033e-18
    5928.68  8.70610e-17 -9.90000e+01  5.38585e-18
    5930.20  9.10260e-17 -9.90000e+01  5.38808e-18
    5931.73  9.66570e-17 -9.90000e+01  5.38676e-18
    5933.25  9.26400e-17 -9.90000e+01  5.38824e-18
    5934.77  9.55100e-17 -9.90000e+01  5.39174e-18
    5936.30  9.29630e-17 -9.90000e+01  5.39365e-18
    5937.82  9.07320e-17 -9.90000e+01  5.39076e-18
    5939.35  9.80030e-17 -9.90000e+01  5.39572e-18
    5940.88  9.31610e-17 -9.90000e+01  5.39174e-18
    5942.40  8.85000e-17 -9.90000e+01  5.38714e-18
    5943.93  8.83510e-17 -9.90000e+01  5.38985e-18
    5945.45  8.86180e-17 -9.90000e+01  5.38416e-18
    5946.98  8.70370e-17 -9.90000e+01  5.38234e-18
    5948.50  8.36330e-17 -9.90000e+01  5.38011e-18
    5950.02  7.74820e-17 -9.90000e+01  5.38407e-18
    5951.55  7.63660e-17 -9.90000e+01  5.38016e-18
    5953.07  8.83370e-17 -9.90000e+01  5.37699e-18
    5954.60  9.26380e-17 -9.90000e+01  5.38043e-18
    5956.12  8.06230e-17 -9.90000e+01  5.38159e-18
    5957.65  7.99470e-17 -9.90000e+01  5.37719e-18
    5959.18  9.04200e-17 -9.90000e+01  5.37554e-18
    5960.70  9.58910e-17 -9.90000e+01  5.38051e-18
    5962.23  9.04040e-17 -9.90000e+01  5.37698e-18
    5963.75  9.11510e-17 -9.90000e+01  5.37064e-18
    5965.27  9.30040e-17 -9.90000e+01  5.36717e-18
    5966.80  8.57340e-17 -9.90000e+01  5.36772e-18
    5968.32  8.20420e-17 -9.90000e+01  5.36563e-18
    5969.85  8.30220e-17 -9.90000e+01  5.35977e-18
    5971.38  9.04720e-17 -9.90000e+01  5.35769e-18
    5972.90  9.16500e-17 -9.90000e+01  5.35263e-18
    5974.43  9.03950e-17 -9.90000e+01  5.34932e-18
    5975.95  8.86600e-17 -9.90000e+01  5.35074e-18
    5977.48  8.35630e-17 -9.90000e+01  5.35112e-18
    5979.00  8.22660e-17 -9.90000e+01  5.34311e-18
    5980.52  8.77550e-17 -9.90000e+01  5.34021e-18
    5982.05  9.33810e-17 -9.90000e+01  5.33528e-18
    5983.57  8.91650e-17 -9.90000e+01  5.33233e-18
    5985.10  9.05760e-17 -9.90000e+01  5.32904e-18
    5986.62  9.28760e-17 -9.90000e+01  5.32728e-18
    5988.15  8.75470e-17 -9.90000e+01  5.32499e-18
    5989.68  8.36010e-17 -9.90000e+01  5.32002e-18
    5991.20  8.62320e-17 -9.90000e+01  5.31586e-18
    5992.73  9.24920e-17 -9.90000e+01  5.31560e-18
    5994.25  8.95360e-17 -9.90000e+01  5.30954e-18
    5995.77  8.94280e-17 -9.90000e+01  5.30457e-18
    5997.30  8.55240e-17 -9.90000e+01  5.29774e-18
    5998.82  8.63870e-17 -9.90000e+01  5.29546e-18
    6000.35  9.24540e-17 -9.90000e+01  5.28918e-18
    6001.88  8.80580e-17 -9.90000e+01  5.28562e-18
    6003.40  8.06380e-17 -9.90000e+01  5.28570e-18
    6004.93  7.34470e-17 -9.90000e+01  5.28233e-18
    6006.45  7.57510e-17 -9.90000e+01  5.27247e-18
    6007.98  8.27990e-17 -9.90000e+01  5.26678e-18
    6009.50  7.86110e-17 -9.90000e+01  5.26583e-18
    6011.02  8.94880e-17 -9.90000e+01  5.26290e-18
    6012.55  8.83820e-17 -9.90000e+01  5.25573e-18
    6014.07  7.90950e-17 -9.90000e+01  5.25158e-18
    6015.60  7.91890e-17 -9.90000e+01  5.24460e-18
    6017.12  7.86260e-17 -9.90000e+01  5.23878e-18
    6018.65  7.90390e-17 -9.90000e+01  5.23844e-18
    6020.18  7.63140e-17 -9.90000e+01  5.23274e-18
    6021.70  7.66370e-17 -9.90000e+01  5.22433e-18
    6023.23  8.26490e-17 -9.90000e+01  5.21973e-18
    6024.75  7.98390e-17 -9.90000e+01  5.21767e-18
    6026.27  7.38770e-17 -9.90000e+01  5.20712e-18
    6027.80  7.43080e-17 -9.90000e+01  5.19879e-18
    6029.32  7.46250e-17 -9.90000e+01  5.19971e-18
    6030.85  7.17520e-17 -9.90000e+01  5.19476e-18
    6032.38  7.92680e-17 -9.90000e+01  5.19146e-18
    6033.90  7.79380e-17 -9.90000e+01  5.18791e-18
    6035.43  7.13760e-17 -9.90000e+01  5.18378e-18
    6036.95  7.28210e-17 -9.90000e+01  5.18015e-18
    6038.48  7.14140e-17 -9.90000e+01  5.18051e-18
    6040.00  7.76830e-17 -9.90000e+01  5.17309e-18
    6041.52  8.29780e-17 -9.90000e+01  5.16308e-18
    6043.05  7.78610e-17 -9.90000e+01  5.15661e-18
    6044.57  7.14720e-17 -9.90000e+01  5.15772e-18
    6046.10  6.92270e-17 -9.90000e+01  5.15151e-18
    6047.62  7.05250e-17 -9.90000e+01  5.14655e-18
    6049.15  6.84670e-17 -9.90000e+01  5.14107e-18
    6050.68  6.88230e-17 -9.90000e+01  5.14190e-18
    6052.20  7.33040e-17 -9.90000e+01  5.13914e-18
    6053.73  7.28860e-17 -9.90000e+01  5.13264e-18
    6055.25  7.68510e-17 -9.90000e+01  5.12275e-18
    6056.77  8.19730e-17 -9.90000e+01  5.11673e-18
    6058.30  7.54400e-17 -9.90000e+01  5.11734e-18
    6059.82  7.21430e-17 -9.90000e+01  5.11220e-18
    6061.35  7.81380e-17 -9.90000e+01  5.10413e-18
    6062.88  7.89840e-17 -9.90000e+01  5.10234e-18
    6064.40  7.90700e-17 -9.90000e+01  5.09764e-18
    6065.93  8.44480e-17 -9.90000e+01  5.09288e-18
    6067.45  7.78550e-17 -9.90000e+01  5.08769e-18
    6068.98  7.13170e-17 -9.90000e+01  5.08574e-18
    6070.50  6.53510e-17 -9.90000e+01  5.08286e-18
    6072.02  7.17890e-17 -9.90000e+01  5.08277e-18
    6073.55  7.97300e-17 -9.90000e+01  5.07466e-18
    6075.07  8.42960e-17 -9.90000e+01  5.07051e-18
    6076.60  8.09740e-17 -9.90000e+01  5.06027e-18
    6078.12  7.57430e-17 -9.90000e+01  5.05435e-18
    6079.65  7.43380e-17 -9.90000e+01  5.05562e-18
    6081.18  7.29110e-17 -9.90000e+01  5.05034e-18
    6082.70  7.08150e-17 -9.90000e+01  5.04190e-18
    6084.23  7.95340e-17 -9.90000e+01  5.04504e-18
    6085.75  8.00100e-17 -9.90000e+01  5.03788e-18
    6087.27  7.94750e-17 -9.90000e+01  5.03106e-18
    6088.80  7.59680e-17 -9.90000e+01  5.03241e-18
    6090.32  7.57610e-17 -9.90000e+01  5.02374e-18
    6091.85  8.12670e-17 -9.90000e+01  5.01511e-18
    6093.38  8.18340e-17 -9.90000e+01  5.01292e-18
    6094.90  7.93100e-17 -9.90000e+01  5.00864e-18
    6096.43  8.13280e-17 -9.90000e+01  5.00320e-18
    6097.95  7.82600e-17 -9.90000e+01  4.99783e-18
    6099.48  7.93920e-17 -9.90000e+01  4.99221e-18
    6101.00  8.76180e-17 -9.90000e+01  4.99353e-18
    6102.52  8.68340e-17 -9.90000e+01  4.98759e-18
    6104.05  8.05060e-17 -9.90000e+01  4.97816e-18
    6105.57  8.02870e-17 -9.90000e+01  4.97442e-18
    6107.10  8.10300e-17 -9.90000e+01  4.97519e-18
    6108.62  8.18600e-17 -9.90000e+01  4.97501e-18
    6110.15  8.34730e-17 -9.90000e+01  4.97881e-18
    6111.68  7.69290e-17 -9.90000e+01  4.99402e-18
    6113.20  8.46200e-17 -9.90000e+01  5.01231e-18
    6114.73  8.97380e-17 -9.90000e+01  5.02912e-18
    6116.25  8.61680e-17 -9.90000e+01  5.03050e-18
    6117.77  8.82640e-17 -9.90000e+01  5.01847e-18
    6119.30  8.60380e-17 -9.90000e+01  4.99905e-18
    6120.82  7.40910e-17 -9.90000e+01  4.98239e-18
    6122.35  7.85270e-17 -9.90000e+01  4.96941e-18
    6123.88  8.75770e-17 -9.90000e+01  4.95224e-18
    6125.40  8.89820e-17 -9.90000e+01  4.94669e-18
    6126.93  8.40760e-17 -9.90000e+01  4.94449e-18
    6128.45  8.38170e-17 -9.90000e+01  4.93836e-18
    6129.98  8.23570e-17 -9.90000e+01  4.93830e-18
    6131.50  7.79790e-17 -9.90000e+01  4.94855e-18
    6133.02  8.02490e-17 -9.90000e+01  4.97053e-18
    6134.55  8.13550e-17 -9.90000e+01  5.03687e-18
    6136.07  7.82710e-17 -9.90000e+01  5.16845e-18
    6137.60  7.68920e-17 -9.90000e+01  5.30863e-18
    6139.12  8.13710e-17 -9.90000e+01  5.35259e-18
    6140.65  8.54240e-17 -9.90000e+01  5.35503e-18
    6142.18  8.32520e-17 -9.90000e+01  5.32984e-18
    6143.70  8.00640e-17 -9.90000e+01  5.30195e-18
    6145.23  7.71240e-17 -9.90000e+01  5.25388e-18
    6146.75  7.89720e-17 -9.90000e+01  5.19660e-18
    6148.27  7.89040e-17 -9.90000e+01  5.12637e-18
    6149.80  8.43120e-17 -9.90000e+01  5.04521e-18
    6151.32  8.48470e-17 -9.90000e+01  4.97219e-18
    6152.85  8.22600e-17 -9.90000e+01  4.91561e-18
    6154.38  8.34410e-17 -9.90000e+01  4.90008e-18
    6155.90  9.23190e-17 -9.90000e+01  4.89611e-18
    6157.43  9.42920e-17 -9.90000e+01  4.88903e-18
    6158.95  9.27010e-17 -9.90000e+01  4.88649e-18
    6160.48  9.18640e-17 -9.90000e+01  4.88035e-18
    6162.00  8.78020e-17 -9.90000e+01  4.88582e-18
    6163.52  8.67740e-17 -9.90000e+01  4.89781e-18
    6165.05  8.79880e-17 -9.90000e+01  4.90495e-18
    6166.57  9.24410e-17 -9.90000e+01  4.90398e-18
    6168.10  9.03880e-17 -9.90000e+01  4.89224e-18
    6169.62  8.49140e-17 -9.90000e+01  4.87438e-18
    6171.15  9.05310e-17 -9.90000e+01  4.86406e-18
    6172.68  9.07640e-17 -9.90000e+01  4.85702e-18
    6174.20  8.98780e-17 -9.90000e+01  4.85749e-18
    6175.73  9.36030e-17 -9.90000e+01  4.85681e-18
    6177.25  9.65630e-17 -9.90000e+01  4.84990e-18
    6178.77  8.94540e-17 -9.90000e+01  4.84301e-18
    6180.30  8.49750e-17 -9.90000e+01  4.84828e-18
    6181.82  9.06780e-17 -9.90000e+01  4.86554e-18
    6183.35  9.36790e-17 -9.90000e+01  4.87585e-18
    6184.88  9.35230e-17 -9.90000e+01  4.87591e-18
    6186.40  9.64020e-17 -9.90000e+01  4.86167e-18
    6187.93  1.00050e-16 -9.90000e+01  4.84158e-18
    6189.45  9.99610e-17 -9.90000e+01  4.82008e-18
    6190.98  1.00120e-16 -9.90000e+01  4.80504e-18
    6192.50  9.69970e-17 -9.90000e+01  4.79748e-18
    6194.02  9.03930e-17 -9.90000e+01  4.79735e-18
    6195.55  9.28560e-17 -9.90000e+01  4.80349e-18
    6197.07  8.93640e-17 -9.90000e+01  4.80240e-18
    6198.60  8.73930e-17 -9.90000e+01  4.80084e-18
    6200.12  8.90790e-17 -9.90000e+01  4.79709e-18
    6201.65  8.56810e-17 -9.90000e+01  4.79621e-18
    6203.18  8.68950e-17 -9.90000e+01  4.80348e-18
    6204.70  8.89580e-17 -9.90000e+01  4.80876e-18
    6206.23  8.56710e-17 -9.90000e+01  4.80960e-18
    6207.75  8.50620e-17 -9.90000e+01  4.79776e-18
    6209.27  9.00310e-17 -9.90000e+01  4.77910e-18
    6210.80  9.17450e-17 -9.90000e+01  4.75853e-18
    6212.32  9.15060e-17 -9.90000e+01  4.74344e-18
    6213.85  9.18010e-17 -9.90000e+01  4.73402e-18
    6215.38  8.82960e-17 -9.90000e+01  4.73194e-18
    6216.90  8.74570e-17 -9.90000e+01  4.73001e-18
    6218.43  9.02770e-17 -9.90000e+01  4.72176e-18
    6219.95  9.55560e-17 -9.90000e+01  4.72426e-18
    6221.48  9.40920e-17 -9.90000e+01  4.72539e-18
    6223.00  8.75540e-17 -9.90000e+01  4.72251e-18
    6224.52  9.08460e-17 -9.90000e+01  4.71835e-18
    6226.05  9.38850e-17 -9.90000e+01  4.71487e-18
    6227.57  9.11180e-17 -9.90000e+01  4.71855e-18
    6229.10  8.62900e-17 -9.90000e+01  4.71907e-18
    6230.62  8.33070e-17 -9.90000e+01  4.71696e-18
    6232.15  8.38320e-17 -9.90000e+01  4.70554e-18
    6233.68  8.84900e-17 -9.90000e+01  4.68649e-18
    6235.20  8.52830e-17 -9.90000e+01  4.67356e-18
    6236.73  7.79280e-17 -9.90000e+01  4.66209e-18
    6238.25  8.97890e-17 -9.90000e+01  4.65080e-18
    6239.78  9.66370e-17 -9.90000e+01  4.64496e-18
    6241.30  9.58840e-17 -9.90000e+01  4.63817e-18
    6242.82  9.21850e-17 -9.90000e+01  4.63261e-18
    6244.35  8.57800e-17 -9.90000e+01  4.62773e-18
    6245.88  8.03170e-17 -9.90000e+01  4.61904e-18
    6247.40  8.14200e-17 -9.90000e+01  4.61100e-18
    6248.93  9.19870e-17 -9.90000e+01  4.60781e-18
    6250.45  9.93700e-17 -9.90000e+01  4.60690e-18
    6251.98  9.65570e-17 -9.90000e+01  4.60180e-18
    6253.50  9.18790e-17 -9.90000e+01  4.59615e-18
    6255.02  9.17900e-17 -9.90000e+01  4.59023e-18
    6256.55  9.90840e-17 -9.90000e+01  4.58227e-18
    6258.07  1.04680e-16 -9.90000e+01  4.57825e-18
    6259.60  9.71440e-17 -9.90000e+01  4.56864e-18
    6261.12  8.96320e-17 -9.90000e+01  4.55308e-18
    6262.65  8.70070e-17 -9.90000e+01  4.54219e-18
    6264.18  8.98950e-17 -9.90000e+01  4.53187e-18
    6265.70  9.84220e-17 -9.90000e+01  4.51853e-18
    6267.23  9.34620e-17 -9.90000e+01  4.51382e-18
    6268.75  8.95760e-17 -9.90000e+01  4.50388e-18
    6270.27  9.13060e-17 -9.90000e+01  4.49351e-18
    6271.80  9.23240e-17 -9.90000e+01  4.48448e-18
    6273.32  8.90920e-17 -9.90000e+01  4.47533e-18
    6274.85  8.32200e-17 -9.90000e+01  4.46782e-18
    6276.38  8.46870e-17 -9.90000e+01  4.46218e-18
    6277.90  8.76120e-17 -9.90000e+01  4.45250e-18
    6279.43  8.91070e-17 -9.90000e+01  4.44426e-18
    6280.95  9.05310e-17 -9.90000e+01  4.44189e-18
    6282.48  9.14620e-17 -9.90000e+01  4.43719e-18
    6284.00  9.29470e-17 -9.90000e+01  4.42852e-18
    6285.52  9.07740e-17 -9.90000e+01  4.41934e-18
    6287.05  9.17240e-17 -9.90000e+01  4.41456e-18
    6288.57  9.41260e-17 -9.90000e+01  4.40642e-18
    6290.10  9.32170e-17 -9.90000e+01  4.39913e-18
    6291.62  9.44440e-17 -9.90000e+01  4.39035e-18
    6293.15  9.52920e-17 -9.90000e+01  4.37557e-18
    6294.68  9.43620e-17 -9.90000e+01  4.36243e-18
    6296.20  1.01260e-16 -9.90000e+01  4.35121e-18
    6297.73  1.02380e-16 -9.90000e+01  4.34108e-18
    6299.25  8.82240e-17 -9.90000e+01  4.33263e-18
    6300.77  8.02840e-17 -9.90000e+01  4.32798e-18
    6302.30  8.35420e-17 -9.90000e+01  4.31935e-18
    6303.82  8.70730e-17 -9.90000e+01  4.30845e-18
    6305.35  8.82730e-17 -9.90000e+01  4.29950e-18
    6306.88  8.75220e-17 -9.90000e+01  4.29078e-18
    6308.40  8.64500e-17 -9.90000e+01  4.27881e-18
    6309.93  8.27290e-17 -9.90000e+01  4.27163e-18
    6311.45  8.33280e-17 -9.90000e+01  4.26325e-18
    6312.98  8.60720e-17 -9.90000e+01  4.25499e-18
    6314.50  8.77150e-17 -9.90000e+01  4.24520e-18
    6316.02  8.61740e-17 -9.90000e+01  4.23343e-18
    6317.55  8.84330e-17 -9.90000e+01  4.22617e-18
    6319.07  8.76190e-17 -9.90000e+01  4.21687e-18
    6320.60  8.04750e-17 -9.90000e+01  4.21039e-18
    6322.12  8.29770e-17 -9.90000e+01  4.20561e-18
    6323.65  8.68860e-17 -9.90000e+01  4.19940e-18
    6325.18  8.48550e-17 -9.90000e+01  4.18976e-18
    6326.70  8.49840e-17 -9.90000e+01  4.18071e-18
    6328.23  8.39240e-17 -9.90000e+01  4.16917e-18
    6329.75  8.47110e-17 -9.90000e+01  4.15529e-18
    6331.27  8.32750e-17 -9.90000e+01  4.15123e-18
    6332.80  8.23060e-17 -9.90000e+01  4.13908e-18
    6334.32  8.59200e-17 -9.90000e+01  4.12947e-18
    6335.85  8.39580e-17 -9.90000e+01  4.12280e-18
    6337.38  7.91240e-17 -9.90000e+01  4.11622e-18
    6338.90  7.90190e-17 -9.90000e+01  4.10560e-18
    6340.43  7.81320e-17 -9.90000e+01  4.09970e-18
    6341.95  7.62280e-17 -9.90000e+01  4.09421e-18
    6343.48  7.91540e-17 -9.90000e+01  4.08720e-18
    6345.00  7.87410e-17 -9.90000e+01  4.07724e-18
    6346.52  7.58790e-17 -9.90000e+01  4.07009e-18
    6348.05  7.72270e-17 -9.90000e+01  4.06260e-18
    6349.57  7.98310e-17 -9.90000e+01  4.05586e-18
    6351.10  7.60100e-17 -9.90000e+01  4.05006e-18
    6352.62  7.09880e-17 -9.90000e+01  4.04025e-18
    6354.15  7.47820e-17 -9.90000e+01  4.03504e-18
    6355.68  7.83920e-17 -9.90000e+01  4.03323e-18
    6357.20  7.65450e-17 -9.90000e+01  4.02932e-18
    6358.73  7.45800e-17 -9.90000e+01  4.01904e-18
    6360.25  7.25810e-17 -9.90000e+01  4.01726e-18
    6361.77  7.02320e-17 -9.90000e+01  4.00902e-18
    6363.30  7.33850e-17 -9.90000e+01  4.00354e-18
    6364.82  7.78870e-17 -9.90000e+01  3.99842e-18
    6366.35  7.78600e-17 -9.90000e+01  3.99089e-18
    6367.88  7.64100e-17 -9.90000e+01  3.98428e-18
    6369.40  7.28400e-17 -9.90000e+01  3.97319e-18
    6370.93  6.96660e-17 -9.90000e+01  3.97109e-18
    6372.45  7.51750e-17 -9.90000e+01  3.96637e-18
    6373.98  8.00310e-17 -9.90000e+01  3.96116e-18
    6375.50  7.05810e-17 -9.90000e+01  3.95796e-18
    6377.02  6.40300e-17 -9.90000e+01  3.95248e-18
    6378.55  6.76970e-17 -9.90000e+01  3.94706e-18
    6380.07  6.81950e-17 -9.90000e+01  3.94061e-18
    6381.60  6.45100e-17 -9.90000e+01  3.93039e-18
    6383.12  6.15310e-17 -9.90000e+01  3.92745e-18
    6384.65  6.85260e-17 -9.90000e+01  3.92477e-18
    6386.18  7.10620e-17 -9.90000e+01  3.92291e-18
    6387.70  6.36980e-17 -9.90000e+01  3.91985e-18
    6389.23  6.11650e-17 -9.90000e+01  3.91598e-18
    6390.75  6.31650e-17 -9.90000e+01  3.91285e-18
    6392.27  6.68690e-17 -9.90000e+01  3.91065e-18
    6393.80  6.58940e-17 -9.90000e+01  3.91000e-18
    6395.32  6.25170e-17 -9.90000e+01  3.91051e-18
    6396.85  6.05410e-17 -9.90000e+01  3.91489e-18
    6398.38  6.01900e-17 -9.90000e+01  3.91466e-18
    6399.90  6.27830e-17 -9.90000e+01  3.91366e-18
    6401.42  6.42190e-17 -9.90000e+01  3.91635e-18
    6402.95  6.06510e-17 -9.90000e+01  3.91764e-18
    6404.48  6.38190e-17 -9.90000e+01  3.91588e-18
    6406.00  6.72540e-17 -9.90000e+01  3.91006e-18
    6407.52  6.75150e-17 -9.90000e+01  3.90733e-18
    6409.05  6.55800e-17 -9.90000e+01  3.89726e-18
    6410.57  6.18640e-17 -9.90000e+01  3.88823e-18
    6412.10  6.31020e-17 -9.90000e+01  3.88438e-18
    6413.62  6.21510e-17 -9.90000e+01  3.88555e-18
    6415.15  6.42840e-17 -9.90000e+01  3.88466e-18
    6416.68  6.87540e-17 -9.90000e+01  3.88219e-18
    6418.20  6.40340e-17 -9.90000e+01  3.87785e-18
    6419.73  6.02320e-17 -9.90000e+01  3.87618e-18
    6421.25  6.14910e-17 -9.90000e+01  3.87284e-18
    6422.77  6.02850e-17 -9.90000e+01  3.87212e-18
    6424.30  5.76770e-17 -9.90000e+01  3.87086e-18
    6425.82  6.02980e-17 -9.90000e+01  3.87421e-18
    6427.35  6.35420e-17 -9.90000e+01  3.87928e-18
    6428.88  6.50220e-17 -9.90000e+01  3.88954e-18
    6430.40  6.81980e-17 -9.90000e+01  3.90491e-18
    6431.93  6.52100e-17 -9.90000e+01  3.91005e-18
    6433.45  6.67640e-17 -9.90000e+01  3.91139e-18
    6434.98  6.73080e-17 -9.90000e+01  3.90534e-18
    6436.50  5.41600e-17 -9.90000e+01  3.90259e-18
    6438.02  5.30630e-17 -9.90000e+01  3.90417e-18
    6439.55  5.78380e-17 -9.90000e+01  3.89816e-18
    6441.07  6.41330e-17 -9.90000e+01  3.89081e-18
    6442.60  6.69030e-17 -9.90000e+01  3.89500e-18
    6444.12  6.30390e-17 -9.90000e+01  3.90010e-18
    6445.65  6.35120e-17 -9.90000e+01  3.90029e-18
    6447.18  6.48330e-17 -9.90000e+01  3.90004e-18
    6448.70  6.46250e-17 -9.90000e+01  3.89900e-18
    6450.23  6.59840e-17 -9.90000e+01  3.90288e-18
    6451.75  6.63040e-17 -9.90000e+01  3.90552e-18
    6453.27  6.54760e-17 -9.90000e+01  3.91131e-18
    6454.80  6.71830e-17 -9.90000e+01  3.91245e-18
    6456.32  6.72480e-17 -9.90000e+01  3.91732e-18
    6457.85  6.82400e-17 -9.90000e+01  3.91973e-18
    6459.38  7.00010e-17 -9.90000e+01  3.91618e-18
    6460.90  6.73740e-17 -9.90000e+01  3.92274e-18
    6462.43  6.82790e-17 -9.90000e+01  3.93198e-18
    6463.95  6.94630e-17 -9.90000e+01  3.93654e-18
    6465.48  6.65290e-17 -9.90000e+01  3.94092e-18
    6467.00  6.52530e-17 -9.90000e+01  3.94370e-18
    6468.52  6.27340e-17 -9.90000e+01  3.94448e-18
    6470.05  6.65730e-17 -9.90000e+01  3.94205e-18
    6471.57  7.35980e-17 -9.90000e+01  3.94160e-18
    6473.10  6.85070e-17 -9.90000e+01  3.94518e-18
    6474.62  6.65070e-17 -9.90000e+01  3.95119e-18
    6476.15  6.75280e-17 -9.90000e+01  3.95561e-18
    6477.68  7.04470e-17 -9.90000e+01  3.96082e-18
    6479.20  7.31590e-17 -9.90000e+01  3.96699e-18
    6480.73  6.97620e-17 -9.90000e+01  3.97296e-18
    6482.25  7.04320e-17 -9.90000e+01  3.97842e-18
    6483.77  6.65550e-17 -9.90000e+01  3.98615e-18
    6485.30  6.58770e-17 -9.90000e+01  3.98969e-18
    6486.82  7.46700e-17 -9.90000e+01  3.99237e-18
    6488.35  7.44990e-17 -9.90000e+01  3.99398e-18
    6489.88  6.94090e-17 -9.90000e+01  3.99195e-18
    6491.40  6.95880e-17 -9.90000e+01  3.99504e-18
    6492.93  6.85850e-17 -9.90000e+01  4.00117e-18
    6494.45  6.81790e-17 -9.90000e+01  4.01892e-18
    6495.98  6.81590e-17 -9.90000e+01  4.04966e-18
    6497.50  7.04320e-17 -9.90000e+01  4.08198e-18
    6499.02  7.06960e-17 -9.90000e+01  4.10516e-18
    6500.55  7.07490e-17 -9.90000e+01  4.11411e-18
    6502.07  6.79110e-17 -9.90000e+01  4.11464e-18
    6503.60  7.01790e-17 -9.90000e+01  4.11016e-18
    6505.12  7.52490e-17 -9.90000e+01  4.09447e-18
    6506.65  7.45780e-17 -9.90000e+01  4.07722e-18
    6508.18  7.24250e-17 -9.90000e+01  4.06825e-18
    6509.70  7.34890e-17 -9.90000e+01  4.06512e-18
    6511.23  7.54040e-17 -9.90000e+01  4.06068e-18
    6512.75  7.48420e-17 -9.90000e+01  4.05848e-18
    6514.27  7.15670e-17 -9.90000e+01  4.05908e-18
    6515.80  7.42460e-17 -9.90000e+01  4.06183e-18
    6517.32  7.54020e-17 -9.90000e+01  4.07105e-18
    6518.85  7.38620e-17 -9.90000e+01  4.09458e-18
    6520.38  7.05050e-17 -9.90000e+01  4.12539e-18
    6521.90  7.00580e-17 -9.90000e+01  4.14464e-18
    6523.43  7.31220e-17 -9.90000e+01  4.15198e-18
    6524.95  7.55140e-17 -9.90000e+01  4.15484e-18
    6526.48  7.22040e-17 -9.90000e+01  4.15626e-18
    6528.00  7.54200e-17 -9.90000e+01  4.14542e-18
    6529.52  7.75430e-17 -9.90000e+01  4.13273e-18
    6531.05  7.39370e-17 -9.90000e+01  4.12610e-18
    6532.57  7.61990e-17 -9.90000e+01  4.12758e-18
    6534.10  7.83320e-17 -9.90000e+01  4.12646e-18
    6535.62  8.05390e-17 -9.90000e+01  4.12221e-18
    6537.15  8.30890e-17 -9.90000e+01  4.12108e-18
    6538.68  8.40940e-17 -9.90000e+01  4.12301e-18
    6540.20  8.72860e-17 -9.90000e+01  4.12402e-18
    6541.73  8.10600e-17 -9.90000e+01  4.12782e-18
    6543.25  8.07310e-17 -9.90000e+01  4.13109e-18
    6544.77  7.95840e-17 -9.90000e+01  4.13415e-18
    6546.30  8.40510e-17 -9.90000e+01  4.13603e-18
    6547.82  8.96710e-17 -9.90000e+01  4.13649e-18
    6549.35  8.76790e-17 -9.90000e+01  4.15050e-18
    6550.88  9.12520e-17 -9.90000e+01  4.17151e-18
    6552.40  9.34970e-17 -9.90000e+01  4.18818e-18
    6553.93  8.93180e-17 -9.90000e+01  4.19573e-18
    6555.45  9.98220e-17 -9.90000e+01  4.19653e-18
    6556.98  1.00130e-16 -9.90000e+01  4.19289e-18
    6558.50  1.00200e-16 -9.90000e+01  4.19095e-18
    6560.02  1.03610e-16 -9.90000e+01  4.21925e-18
    6561.55  9.73850e-17 -9.90000e+01  4.31686e-18
    6563.08  9.27870e-17 -9.90000e+01  4.48835e-18
    6564.60  9.90560e-17 -9.90000e+01  4.66955e-18
    6566.12  9.44260e-17 -9.90000e+01  4.76319e-18
    6567.65  9.07080e-17 -9.90000e+01  4.77003e-18
    6569.18  9.96600e-17 -9.90000e+01  4.74572e-18
    6570.70  1.03860e-16 -9.90000e+01  4.67727e-18
    6572.23  9.57950e-17 -9.90000e+01  4.52348e-18
    6573.75  9.20690e-17 -9.90000e+01  4.34364e-18
    6575.27  9.23040e-17 -9.90000e+01  4.22934e-18
    6576.80  9.38040e-17 -9.90000e+01  4.21703e-18
    6578.32  9.15490e-17 -9.90000e+01  4.20279e-18
    6579.85  8.89920e-17 -9.90000e+01  4.17626e-18
    6581.38  8.96900e-17 -9.90000e+01  4.15635e-18
    6582.90  8.65940e-17 -9.90000e+01  4.15353e-18
    6584.43  8.90090e-17 -9.90000e+01  4.15792e-18
    6585.95  9.04150e-17 -9.90000e+01  4.16699e-18
    6587.48  8.74930e-17 -9.90000e+01  4.17502e-18
    6589.00  8.86770e-17 -9.90000e+01  4.18005e-18
    6590.52  9.08310e-17 -9.90000e+01  4.18357e-18
    6592.05  9.22360e-17 -9.90000e+01  4.18401e-18
    6593.57  9.66830e-17 -9.90000e+01  4.19044e-18
    6595.10  9.01550e-17 -9.90000e+01  4.20208e-18
    6596.62  8.86720e-17 -9.90000e+01  4.21217e-18
    6598.15  9.37990e-17 -9.90000e+01  4.21159e-18
    6599.68  9.40510e-17 -9.90000e+01  4.20683e-18
    6601.20  9.44120e-17 -9.90000e+01  4.19610e-18
    6602.73  9.53170e-17 -9.90000e+01  4.17746e-18
    6604.25  9.05930e-17 -9.90000e+01  4.15615e-18
    6605.77  8.80720e-17 -9.90000e+01  4.14400e-18
    6607.30  9.05500e-17 -9.90000e+01  4.14007e-18
    6608.82  9.37110e-17 -9.90000e+01  4.13863e-18
    6610.35  9.32950e-17 -9.90000e+01  4.13789e-18
    6611.88  9.22960e-17 -9.90000e+01  4.13825e-18
    6613.40  8.97370e-17 -9.90000e+01  4.14015e-18
    6614.93  9.06560e-17 -9.90000e+01  4.14682e-18
    6616.45  9.25430e-17 -9.90000e+01  4.15073e-18
    6617.98  9.42810e-17 -9.90000e+01  4.14910e-18
    6619.50  9.62690e-17 -9.90000e+01  4.14710e-18
    6621.02  9.24180e-17 -9.90000e+01  4.15261e-18
    6622.55  9.11310e-17 -9.90000e+01  4.15692e-18
    6624.07  9.00560e-17 -9.90000e+01  4.15843e-18
    6625.60  8.51470e-17 -9.90000e+01  4.16217e-18
    6627.12  8.82440e-17 -9.90000e+01  4.18256e-18
    6628.65  9.32100e-17 -9.90000e+01  4.23906e-18
    6630.18  9.14750e-17 -9.90000e+01  4.31456e-18
    6631.70  9.63410e-17 -9.90000e+01  4.36895e-18
    6633.23  1.01070e-16 -9.90000e+01  4.38185e-18
    6634.75  9.93940e-17 -9.90000e+01  4.37044e-18
    6636.27  9.36040e-17 -9.90000e+01  4.34002e-18
    6637.80  9.13940e-17 -9.90000e+01  4.26702e-18
    6639.32  8.92510e-17 -9.90000e+01  4.16833e-18
    6640.85  8.85350e-17 -9.90000e+01  4.09266e-18
    6642.38  9.32770e-17 -9.90000e+01  4.07364e-18
    6643.90  1.01230e-16 -9.90000e+01  4.07103e-18
    6645.43  1.01430e-16 -9.90000e+01  4.07277e-18
    6646.95  9.55400e-17 -9.90000e+01  4.07568e-18
    6648.48  9.77050e-17 -9.90000e+01  4.07511e-18
    6650.00  1.03440e-16 -9.90000e+01  4.07138e-18
    6651.52  9.98810e-17 -9.90000e+01  4.07025e-18
    6653.05  9.27140e-17 -9.90000e+01  4.07181e-18
    6654.57  9.37370e-17 -9.90000e+01  4.07333e-18
    6656.10  9.72420e-17 -9.90000e+01  4.07062e-18
    6657.62  9.89680e-17 -9.90000e+01  4.06284e-18
    6659.15  1.03450e-16 -9.90000e+01  4.05702e-18
    6660.68  1.01170e-16 -9.90000e+01  4.05069e-18
    6662.20  9.92240e-17 -9.90000e+01  4.03949e-18
    6663.73  9.82710e-17 -9.90000e+01  4.02643e-18
    6665.25  9.70850e-17 -9.90000e+01  4.01827e-18
    6666.77  9.55720e-17 -9.90000e+01  4.01300e-18
    6668.30  9.60630e-17 -9.90000e+01  4.00845e-18
    6669.82  9.69740e-17 -9.90000e+01  4.00346e-18
    6671.35  9.43520e-17 -9.90000e+01  3.99787e-18
    6672.88  9.32340e-17 -9.90000e+01  3.99492e-18
    6674.40  9.40460e-17 -9.90000e+01  3.99314e-18
    6675.93  9.57040e-17 -9.90000e+01  3.99041e-18
    6677.45  9.93300e-17 -9.90000e+01  3.98617e-18
    6678.98  9.71040e-17 -9.90000e+01  3.97949e-18
    6680.50  9.70520e-17 -9.90000e+01  3.97603e-18
    6682.02  9.93600e-17 -9.90000e+01  3.97609e-18
    6683.55  9.45860e-17 -9.90000e+01  3.97566e-18
    6685.07  9.23880e-17 -9.90000e+01  3.97070e-18
    6686.60  1.01350e-16 -9.90000e+01  3.96717e-18
    6688.12  1.03970e-16 -9.90000e+01  3.96754e-18
    6689.65  9.86950e-17 -9.90000e+01  3.96695e-18
    6691.18  9.83090e-17 -9.90000e+01  3.96024e-18
    6692.70  9.64700e-17 -9.90000e+01  3.95226e-18
    6694.23  9.19860e-17 -9.90000e+01  3.94966e-18
    6695.75  9.35480e-17 -9.90000e+01  3.94554e-18
    6697.27  9.28610e-17 -9.90000e+01  3.93728e-18
    6698.80  9.24290e-17 -9.90000e+01  3.93073e-18
    6700.32  9.64080e-17 -9.90000e+01  3.92583e-18
    6701.85  9.86440e-17 -9.90000e+01  3.91998e-18
    6703.38  1.01760e-16 -9.90000e+01  3.91590e-18
    6704.90  1.00770e-16 -9.90000e+01  3.91413e-18
    6706.43  9.44950e-17 -9.90000e+01  3.90859e-18
    6707.95  9.35750e-17 -9.90000e+01  3.90543e-18
    6709.48  9.95860e-17 -9.90000e+01  3.90360e-18
    6711.00  1.01990e-16 -9.90000e+01  3.90035e-18
    6712.52  1.02270e-16 -9.90000e+01  3.89493e-18
    6714.05  1.01050e-16 -9.90000e+01  3.89138e-18
    6715.57  9.23680e-17 -9.90000e+01  3.88778e-18
    6717.10  9.00410e-17 -9.90000e+01  3.88372e-18
    6718.62  9.35360e-17 -9.90000e+01  3.87981e-18
    6720.15  9.60620e-17 -9.90000e+01  3.87724e-18
    6721.68  1.02920e-16 -9.90000e+01  3.87834e-18
    6723.20  1.05670e-16 -9.90000e+01  3.87608e-18
    6724.72  1.01350e-16 -9.90000e+01  3.87297e-18
    6726.25  9.87280e-17 -9.90000e+01  3.87152e-18
    6727.77  9.68100e-17 -9.90000e+01  3.86967e-18
    6729.30  9.91980e-17 -9.90000e+01  3.86640e-18
    6730.82  1.03960e-16 -9.90000e+01  3.86282e-18
    6732.35  1.00810e-16 -9.90000e+01  3.86330e-18
    6733.88  9.73860e-17 -9.90000e+01  3.87075e-18
    6735.40  9.83240e-17 -9.90000e+01  3.88170e-18
    6736.93  9.86970e-17 -9.90000e+01  3.89023e-18
    6738.45  9.68680e-17 -9.90000e+01  3.89406e-18
    6739.98  9.90890e-17 -9.90000e+01  3.89702e-18
    6741.50  1.01340e-16 -9.90000e+01  3.90128e-18
    6743.02  9.50010e-17 -9.90000e+01  3.89929e-18
    6744.55  9.31430e-17 -9.90000e+01  3.88515e-18
    6746.07  9.80200e-17 -9.90000e+01  3.87007e-18
    6747.60  1.00240e-16 -9.90000e+01  3.86002e-18
    6749.12  1.01020e-16 -9.90000e+01  3.85225e-18
    6750.65  1.04260e-16 -9.90000e+01  3.83965e-18
    6752.18  1.02160e-16 -9.90000e+01  3.82804e-18
    6753.70  9.51440e-17 -9.90000e+01  3.82185e-18
    6755.23  9.63990e-17 -9.90000e+01  3.81841e-18
    6756.75  9.83490e-17 -9.90000e+01  3.81022e-18
    6758.27  9.59710e-17 -9.90000e+01  3.80301e-18
    6759.80  9.59490e-17 -9.90000e+01  3.79683e-18
    6761.32  9.74710e-17 -9.90000e+01  3.79353e-18
    6762.85  9.58160e-17 -9.90000e+01  3.79397e-18
    6764.38  9.48170e-17 -9.90000e+01  3.79342e-18
    6765.90  9.46330e-17 -9.90000e+01  3.78935e-18
    6767.43  9.70110e-17 -9.90000e+01  3.78819e-18
    6768.95  9.73250e-17 -9.90000e+01  3.79996e-18
    6770.48  9.84990e-17 -9.90000e+01  3.82803e-18
    6772.00  9.61180e-17 -9.90000e+01  3.84874e-18
    6773.52  8.94080e-17 -9.90000e+01  3.85664e-18
    6775.05  8.92570e-17 -9.90000e+01  3.85759e-18
    6776.57  9.36710e-17 -9.90000e+01  3.85400e-18
    6778.10  9.70170e-17 -9.90000e+01  3.84072e-18
    6779.62  9.52750e-17 -9.90000e+01  3.82033e-18
    6781.15  9.34190e-17 -9.90000e+01  3.80171e-18
    6782.68  9.82140e-17 -9.90000e+01  3.78853e-18
    6784.20  1.00200e-16 -9.90000e+01  3.77940e-18
    6785.73  9.69670e-17 -9.90000e+01  3.77053e-18
    6787.25  9.54200e-17 -9.90000e+01  3.76101e-18
    6788.77  9.41870e-17 -9.90000e+01  3.75748e-18
    6790.30  9.47310e-17 -9.90000e+01  3.75693e-18
    6791.82  9.78100e-17 -9.90000e+01  3.75382e-18
    6793.35  9.79130e-17 -9.90000e+01  3.75722e-18
    6794.88  9.38530e-17 -9.90000e+01  3.75739e-18
    6796.40  9.28980e-17 -9.90000e+01  3.75709e-18
    6797.93  9.60840e-17 -9.90000e+01  3.75813e-18
    6799.45  9.94130e-17 -9.90000e+01  3.75867e-18
    6800.98  1.00090e-16 -9.90000e+01  3.75648e-18
    6802.50  9.80810e-17 -9.90000e+01  3.75075e-18
    6804.02  9.81700e-17 -9.90000e+01  3.74804e-18
    6805.55  9.60780e-17 -9.90000e+01  3.75560e-18
    6807.07  9.15120e-17 -9.90000e+01  3.77264e-18
    6808.60  9.50290e-17 -9.90000e+01  3.78571e-18
    6810.12  9.28930e-17 -9.90000e+01  3.78738e-18
    6811.65  9.08590e-17 -9.90000e+01  3.78084e-18
    6813.18  9.46600e-17 -9.90000e+01  3.76973e-18
    6814.70  9.62860e-17 -9.90000e+01  3.74980e-18
    6816.23  9.70490e-17 -9.90000e+01  3.73502e-18
    6817.75  9.96870e-17 -9.90000e+01  3.73327e-18
    6819.27  9.77290e-17 -9.90000e+01  3.73825e-18
    6820.80  9.54310e-17 -9.90000e+01  3.73784e-18
    6822.32  9.30380e-17 -9.90000e+01  3.73520e-18
    6823.85  9.06270e-17 -9.90000e+01  3.73052e-18
    6825.38  8.42820e-17 -9.90000e+01  3.72709e-18
    6826.90  8.69130e-17 -9.90000e+01  3.73052e-18
    6828.43  9.09060e-17 -9.90000e+01  3.74783e-18
    6829.95  9.29460e-17 -9.90000e+01  3.75713e-18
    6831.48  9.14870e-17 -9.90000e+01  3.75843e-18
    6833.00  8.44000e-17 -9.90000e+01  3.75236e-18
    6834.52  8.78560e-17 -9.90000e+01  3.73902e-18
    6836.05  9.05550e-17 -9.90000e+01  3.71728e-18
    6837.57  8.93430e-17 -9.90000e+01  3.70337e-18
    6839.10  8.95460e-17 -9.90000e+01  3.69347e-18
    6840.62  8.30290e-17 -9.90000e+01  3.68736e-18
    6842.15  8.41460e-17 -9.90000e+01  3.68705e-18
    6843.68  8.85080e-17 -9.90000e+01  3.68884e-18
    6845.20  9.52390e-17 -9.90000e+01  3.68770e-18
    6846.73  9.41360e-17 -9.90000e+01  3.68164e-18
    6848.25  8.63180e-17 -9.90000e+01  3.67501e-18
    6849.77  8.65740e-17 -9.90000e+01  3.67372e-18
    6851.30  8.88530e-17 -9.90000e+01  3.68078e-18
    6852.82  9.14210e-17 -9.90000e+01  3.68947e-18
    6854.35  9.24640e-17 -9.90000e+01  3.69338e-18
    6855.88  9.03790e-17 -9.90000e+01  3.69237e-18
    6857.40  9.01630e-17 -9.90000e+01  3.69404e-18
    6858.93  9.32810e-17 -9.90000e+01  3.68565e-18
    6860.45  9.47590e-17 -9.90000e+01  3.66659e-18
    6861.98  9.29220e-17 -9.90000e+01  3.64245e-18
    6863.50  9.74210e-17 -9.90000e+01  3.62139e-18
    6865.02  9.99650e-17 -9.90000e+01  3.61412e-18
    6866.55  8.66020e-17 -9.90000e+01  3.61123e-18
    6868.07  8.48670e-17 -9.90000e+01  3.60657e-18
    6869.60  8.92840e-17 -9.90000e+01  3.60144e-18
    6871.12  9.29980e-17 -9.90000e+01  3.60137e-18
    6872.65  9.06410e-17 -9.90000e+01  3.60368e-18
    6874.18  8.34870e-17 -9.90000e+01  3.60338e-18
    6875.70  8.12290e-17 -9.90000e+01  3.59836e-18
    6877.23  8.39430e-17 -9.90000e+01  3.59288e-18
    6878.75  8.87770e-17 -9.90000e+01  3.59348e-18
    6880.27  9.28660e-17 -9.90000e+01  3.59618e-18
    6881.80  9.36160e-17 -9.90000e+01  3.59694e-18
    6883.32  8.91560e-17 -9.90000e+01  3.59329e-18
    6884.85  8.24460e-17 -9.90000e+01  3.58626e-18
    6886.38  8.46470e-17 -9.90000e+01  3.58069e-18
    6887.90  8.95590e-17 -9.90000e+01  3.56843e-18
    6889.43  9.63970e-17 -9.90000e+01  3.55359e-18
    6890.95  9.32060e-17 -9.90000e+01  3.54110e-18
    6892.48  8.40400e-17 -9.90000e+01  3.53307e-18
    6894.00  8.13140e-17 -9.90000e+01  3.53152e-18
    6895.52  8.58710e-17 -9.90000e+01  3.52598e-18
    6897.05  8.48060e-17 -9.90000e+01  3.52013e-18
    6898.57  8.83130e-17 -9.90000e+01  3.51628e-18
    6900.10  9.33990e-17 -9.90000e+01  3.51253e-18
    6901.62  8.65740e-17 -9.90000e+01  3.50808e-18
    6903.15  8.49880e-17 -9.90000e+01  3.50321e-18
    6904.68  8.83480e-17 -9.90000e+01  3.49855e-18
    6906.20  8.80150e-17 -9.90000e+01  3.49458e-18
    6907.73  8.80990e-17 -9.90000e+01  3.49161e-18
    6909.25  8.46880e-17 -9.90000e+01  3.48983e-18
    6910.77  8.35490e-17 -9.90000e+01  3.49144e-18
    6912.30  8.77950e-17 -9.90000e+01  3.48921e-18
    6913.82  8.89650e-17 -9.90000e+01  3.47901e-18
    6915.35  8.59200e-17 -9.90000e+01  3.47172e-18
    6916.88  8.58960e-17 -9.90000e+01  3.46717e-18
    6918.40  8.59470e-17 -9.90000e+01  3.46171e-18
    6919.93  8.43590e-17 -9.90000e+01  3.45431e-18
    6921.45  8.13080e-17 -9.90000e+01  3.44581e-18
    6922.98  8.04160e-17 -9.90000e+01  3.43771e-18
    6924.50  8.32850e-17 -9.90000e+01  3.42950e-18
    6926.02  8.37200e-17 -9.90000e+01  3.42214e-18
    6927.55  8.13930e-17 -9.90000e+01  3.41627e-18
    6929.07  8.09890e-17 -9.90000e+01  3.41147e-18
    6930.60  8.53020e-17 -9.90000e+01  3.40676e-18
    6932.12  8.52590e-17 -9.90000e+01  3.40420e-18
    6933.65  8.46970e-17 -9.90000e+01  3.40017e-18
    6935.18  9.11870e-17 -9.90000e+01  3.39283e-18
    6936.70  9.10670e-17 -9.90000e+01  3.38689e-18
    6938.23  8.57570e-17 -9.90000e+01  3.38347e-18
    6939.75  8.21690e-17 -9.90000e+01  3.38212e-18
    6941.27  7.80950e-17 -9.90000e+01  3.37942e-18
    6942.80  8.14140e-17 -9.90000e+01  3.37354e-18
    6944.32  8.69370e-17 -9.90000e+01  3.36714e-18
    6945.85  8.64680e-17 -9.90000e+01  3.36573e-18
    6947.38  8.66310e-17 -9.90000e+01  3.36393e-18
    6948.90  8.37950e-17 -9.90000e+01  3.35839e-18
    6950.43  8.02460e-17 -9.90000e+01  3.34953e-18
    6951.95  7.77250e-17 -9.90000e+01  3.34455e-18
    6953.48  7.77970e-17 -9.90000e+01  3.33920e-18
    6955.00  8.39770e-17 -9.90000e+01  3.33202e-18
    6956.52  8.80700e-17 -9.90000e+01  3.32437e-18
    6958.05  8.58660e-17 -9.90000e+01  3.31828e-18
    6959.57  8.21220e-17 -9.90000e+01  3.31308e-18
    6961.10  8.35680e-17 -9.90000e+01  3.30868e-18
    6962.62  8.61390e-17 -9.90000e+01  3.30496e-18
    6964.15  8.63610e-17 -9.90000e+01  3.30139e-18
    6965.68  8.50560e-17 -9.90000e+01  3.29696e-18
    6967.20  8.24230e-17 -9.90000e+01  3.29584e-18
    6968.73  8.23750e-17 -9.90000e+01  3.29273e-18
    6970.25  8.36390e-17 -9.90000e+01  3.28830e-18
    6971.77  8.22440e-17 -9.90000e+01  3.28595e-18
    6973.30  8.32160e-17 -9.90000e+01  3.27811e-18
    6974.82  8.46020e-17 -9.90000e+01  3.27478e-18
    6976.35  8.47840e-17 -9.90000e+01  3.27376e-18
    6977.88  8.48500e-17 -9.90000e+01  3.27186e-18
    6979.40  8.38020e-17 -9.90000e+01  3.26803e-18
    6980.93  8.30170e-17 -9.90000e+01  3.26559e-18
    6982.45  8.45380e-17 -9.90000e+01  3.26187e-18
    6983.98  8.42450e-17 -9.90000e+01  3.25888e-18
    6985.50  8.27400e-17 -9.90000e+01  3.25746e-18
    6987.02  8.35690e-17 -9.90000e+01  3.25474e-18
    6988.55  8.30420e-17 -9.90000e+01  3.24780e-18
    6990.07  8.28430e-17 -9.90000e+01  3.24305e-18
    6991.60  8.32160e-17 -9.90000e+01  3.24129e-18
    6993.12  8.22210e-17 -9.90000e+01  3.23923e-18
    6994.65  7.83430e-17 -9.90000e+01  3.23457e-18
    6996.18  7.80840e-17 -9.90000e+01  3.23221e-18
    6997.70  8.36410e-17 -9.90000e+01  3.23084e-18
    6999.23  8.56300e-17 -9.90000e+01  3.22738e-18
    7000.75  8.64140e-17 -9.90000e+01  3.22009e-18
    7002.27  8.46520e-17 -9.90000e+01  3.21839e-18
    7003.80  8.43780e-17 -9.90000e+01  3.21460e-18
    7005.32  8.52880e-17 -9.90000e+01  3.20956e-18
    7006.85  8.43170e-17 -9.90000e+01  3.20569e-18
    7008.38  7.97860e-17 -9.90000e+01  3.20346e-18
    7009.90  8.02660e-17 -9.90000e+01  3.20300e-18
    7011.43  8.26200e-17 -9.90000e+01  3.20070e-18
    7012.95  7.93460e-17 -9.90000e+01  3.19705e-18
    7014.48  8.11120e-17 -9.90000e+01  3.19399e-18
    7016.00  8.33210e-17 -9.90000e+01  3.19374e-18
    7017.52  8.15230e-17 -9.90000e+01  3.19037e-18
    7019.05  7.78710e-17 -9.90000e+01  3.18682e-18
    7020.57  7.45450e-17 -9.90000e+01  3.18402e-18
    7022.10  7.80440e-17 -9.90000e+01  3.18115e-18
    7023.62  7.93220e-17 -9.90000e+01  3.17995e-18
    7025.15  8.36900e-17 -9.90000e+01  3.17895e-18
    7026.68  7.94870e-17 -9.90000e+01  3.17965e-18
    7028.20  7.92710e-17 -9.90000e+01  3.18015e-18
    7029.73  7.70690e-17 -9.90000e+01  3.17569e-18
    7031.25  7.41750e-17 -9.90000e+01  3.17723e-18
    7032.77  7.68250e-17 -9.90000e+01  3.17500e-18
    7034.30  7.93730e-17 -9.90000e+01  3.17015e-18
    7035.82  7.70970e-17 -9.90000e+01  3.16737e-18
    7037.35  8.05880e-17 -9.90000e+01  3.16722e-18
    7038.88  8.60330e-17 -9.90000e+01  3.16250e-18
    7040.40  7.79320e-17 -9.90000e+01  3.15863e-18
    7041.93  6.95890e-17 -9.90000e+01  3.15894e-18
    7043.45  7.31140e-17 -9.90000e+01  3.16244e-18
    7044.98  7.55590e-17 -9.90000e+01  3.15926e-18
    7046.50  7.89130e-17 -9.90000e+01  3.15924e-18
    7048.02  7.81200e-17 -9.90000e+01  3.15862e-18
    7049.55  7.73850e-17 -9.90000e+01  3.15579e-18
    7051.07  7.86290e-17 -9.90000e+01  3.15372e-18
    7052.60  7.62500e-17 -9.90000e+01  3.15657e-18
    7054.12  7.78900e-17 -9.90000e+01  3.15485e-18
    7055.65  7.81440e-17 -9.90000e+01  3.15162e-18
    7057.18  7.28740e-17 -9.90000e+01  3.15027e-18
    7058.70  7.21440e-17 -9.90000e+01  3.15109e-18
    7060.23  7.52790e-17 -9.90000e+01  3.15317e-18
    7061.75  7.63300e-17 -9.90000e+01  3.15353e-18
    7063.28  7.20400e-17 -9.90000e+01  3.15292e-18
    7064.80  7.71070e-17 -9.90000e+01  3.15238e-18
    7066.32  8.24650e-17 -9.90000e+01  3.15007e-18
    7067.85  8.44500e-17 -9.90000e+01  3.14752e-18
    7069.38  8.23120e-17 -9.90000e+01  3.14821e-18
    7070.90  7.88560e-17 -9.90000e+01  3.15057e-18
    7072.43  7.79410e-17 -9.90000e+01  3.15123e-18
    7073.95  7.87980e-17 -9.90000e+01  3.15292e-18
    7075.48  7.61180e-17 -9.90000e+01  3.15354e-18
    7077.00  7.49980e-17 -9.90000e+01  3.15374e-18
    7078.53  7.54710e-17 -9.90000e+01  3.15282e-18
    7080.05  7.39480e-17 -9.90000e+01  3.14919e-18
    7081.57  7.56970e-17 -9.90000e+01  3.14765e-18
    7083.10  7.92410e-17 -9.90000e+01  3.14821e-18
    7084.62  7.87050e-17 -9.90000e+01  3.14872e-18
    7086.15  8.00030e-17 -9.90000e+01  3.14838e-18
    7087.68  8.09940e-17 -9.90000e+01  3.14978e-18
    7089.20  7.56520e-17 -9.90000e+01  3.15350e-18
    7090.73  7.85840e-17 -9.90000e+01  3.15503e-18
    7092.25  7.77810e-17 -9.90000e+01  3.15452e-18
    7093.77  7.97820e-17 -9.90000e+01  3.15426e-18
    7095.30  7.80720e-17 -9.90000e+01  3.15495e-18
    7096.82  7.23380e-17 -9.90000e+01  3.15631e-18
    7098.35  7.21510e-17 -9.90000e+01  3.15574e-18
    7099.88  7.25660e-17 -9.90000e+01  3.15451e-18
    7101.40  7.73670e-17 -9.90000e+01  3.15641e-18
    7102.93  7.96970e-17 -9.90000e+01  3.15987e-18
    7104.45  7.75110e-17 -9.90000e+01  3.15836e-18
    7105.98  7.48180e-17 -9.90000e+01  3.15759e-18
    7107.50  7.60870e-17 -9.90000e+01  3.16027e-18
    7109.02  7.64610e-17 -9.90000e+01  3.16257e-18
    7110.55  7.78650e-17 -9.90000e+01  3.16472e-18
    7112.07  7.64590e-17 -9.90000e+01  3.18117e-18
    7113.60  7.53210e-17 -9.90000e+01  3.21440e-18
    7115.12  7.84890e-17 -9.90000e+01  3.25369e-18
    7116.65  8.02510e-17 -9.90000e+01  3.28254e-18
    7118.18  8.03980e-17 -9.90000e+01  3.30413e-18
    7119.70  7.90750e-17 -9.90000e+01  3.32927e-18
    7121.23  7.44140e-17 -9.90000e+01  3.34313e-18
    7122.75  7.50350e-17 -9.90000e+01  3.32827e-18
    7124.27  7.82250e-17 -9.90000e+01  3.30233e-18
    7125.80  7.82700e-17 -9.90000e+01  3.28517e-18
    7127.32  8.14200e-17 -9.90000e+01  3.26938e-18
    7128.85  8.26000e-17 -9.90000e+01  3.24746e-18
    7130.38  7.82570e-17 -9.90000e+01  3.22458e-18
    7131.90  7.38420e-17 -9.90000e+01  3.21571e-18
    7133.43  6.98670e-17 -9.90000e+01  3.21491e-18
    7134.95  6.87140e-17 -9.90000e+01  3.21074e-18
    7136.48  6.97520e-17 -9.90000e+01  3.20137e-18
    7138.00  7.50390e-17 -9.90000e+01  3.19823e-18
    7139.52  7.99180e-17 -9.90000e+01  3.19975e-18
    7141.05  7.54200e-17 -9.90000e+01  3.20161e-18
    7142.57  6.99300e-17 -9.90000e+01  3.20097e-18
    7144.10  6.96560e-17 -9.90000e+01  3.19874e-18
    7145.62  7.24420e-17 -9.90000e+01  3.19836e-18
    7147.15  7.00860e-17 -9.90000e+01  3.20325e-18
    7148.68  6.84500e-17 -9.90000e+01  3.22782e-18
    7150.20  7.12490e-17 -9.90000e+01  3.27471e-18
    7151.73  7.24780e-17 -9.90000e+01  3.33402e-18
    7153.25  7.44570e-17 -9.90000e+01  3.36859e-18
    7154.77  6.99720e-17 -9.90000e+01  3.37999e-18
    7156.30  6.66310e-17 -9.90000e+01  3.37675e-18
    7157.82  7.24760e-17 -9.90000e+01  3.35820e-18
    7159.35  7.12110e-17 -9.90000e+01  3.31676e-18
    7160.88  6.87820e-17 -9.90000e+01  3.27083e-18
    7162.40  7.45550e-17 -9.90000e+01  3.24483e-18
    7163.93  7.64590e-17 -9.90000e+01  3.23688e-18
    7165.45  7.46820e-17 -9.90000e+01  3.23676e-18
    7166.98  7.36450e-17 -9.90000e+01  3.23401e-18
    7168.50  7.32810e-17 -9.90000e+01  3.23990e-18
    7170.02  7.34360e-17 -9.90000e+01  3.25009e-18
    7171.55  7.33260e-17 -9.90000e+01  3.25903e-18
    7173.07  7.54990e-17 -9.90000e+01  3.26511e-18
    7174.60  7.96440e-17 -9.90000e+01  3.27004e-18
    7176.12  7.94050e-17 -9.90000e+01  3.27658e-18
    7177.65  7.37660e-17 -9.90000e+01  3.28430e-18
    7179.18  7.33870e-17 -9.90000e+01  3.29201e-18
    7180.70  7.22950e-17 -9.90000e+01  3.29772e-18
    7182.23  7.43760e-17 -9.90000e+01  3.29907e-18
    7183.75  7.52940e-17 -9.90000e+01  3.29634e-18
    7185.27  7.04690e-17 -9.90000e+01  3.28786e-18
    7186.80  7.45230e-17 -9.90000e+01  3.27982e-18
    7188.32  7.71020e-17 -9.90000e+01  3.28465e-18
    7189.85  7.64620e-17 -9.90000e+01  3.30395e-18
    7191.38  7.34360e-17 -9.90000e+01  3.31981e-18
    7192.90  7.42320e-17 -9.90000e+01  3.32759e-18
    7194.43  7.55080e-17 -9.90000e+01  3.32931e-18
    7195.95  7.39570e-17 -9.90000e+01  3.32746e-18
    7197.48  7.40050e-17 -9.90000e+01  3.31336e-18
    7199.00  7.56020e-17 -9.90000e+01  3.30237e-18
    7200.52  7.66940e-17 -9.90000e+01  3.30838e-18
    7202.05  7.75410e-17 -9.90000e+01  3.33244e-18
    7203.57  7.67340e-17 -9.90000e+01  3.35044e-18
    7205.10  7.87370e-17 -9.90000e+01  3.35988e-18
    7206.62  7.82010e-17 -9.90000e+01  3.36374e-18
    7208.15  7.35590e-17 -9.90000e+01  3.36021e-18
    7209.68  7.67330e-17 -9.90000e+01  3.34738e-18
    7211.20  8.02010e-17 -9.90000e+01  3.35327e-18
    7212.73  7.50360e-17 -9.90000e+01  3.38350e-18
    7214.25  7.44530e-17 -9.90000e+01  3.41377e-18
    7215.77  7.46100e-17 -9.90000e+01  3.42866e-18
    7217.30  7.72170e-17 -9.90000e+01  3.43598e-18
    7218.82  8.04630e-17 -9.90000e+01  3.43505e-18
    7220.35  7.84370e-17 -9.90000e+01  3.41129e-18
    7221.88  7.55210e-17 -9.90000e+01  3.37606e-18
    7223.40  7.40330e-17 -9.90000e+01  3.35431e-18
    7224.93  7.43560e-17 -9.90000e+01  3.34842e-18
    7226.45  7.89750e-17 -9.90000e+01  3.35042e-18
    7227.98  7.69980e-17 -9.90000e+01  3.36268e-18
    7229.50  7.60010e-17 -9.90000e+01  3.38344e-18
    7231.02  7.91500e-17 -9.90000e+01  3.40632e-18
    7232.55  7.97940e-17 -9.90000e+01  3.41879e-18
    7234.07  7.33300e-17 -9.90000e+01  3.42370e-18
    7235.60  7.27830e-17 -9.90000e+01  3.42213e-18
    7237.12  7.83060e-17 -9.90000e+01  3.42167e-18
    7238.65  7.71690e-17 -9.90000e+01  3.43384e-18
    7240.17  7.41840e-17 -9.90000e+01  3.46477e-18
    7241.70  7.12430e-17 -9.90000e+01  3.48944e-18
    7243.23  7.20250e-17 -9.90000e+01  3.50185e-18
    7244.75  7.44720e-17 -9.90000e+01  3.50496e-18
    7246.27  7.54260e-17 -9.90000e+01  3.49985e-18
    7247.80  7.58580e-17 -9.90000e+01  3.46776e-18
    7249.32  7.38450e-17 -9.90000e+01  3.43497e-18
    7250.85  7.12430e-17 -9.90000e+01  3.41945e-18
    7252.38  7.21340e-17 -9.90000e+01  3.41734e-18
    7253.90  7.27540e-17 -9.90000e+01  3.41802e-18
    7255.43  7.40950e-17 -9.90000e+01  3.41995e-18
    7256.95  7.76180e-17 -9.90000e+01  3.42281e-18
    7258.48  7.83480e-17 -9.90000e+01  3.42872e-18
    7260.00  7.97410e-17 -9.90000e+01  3.44193e-18
    7261.52  8.00590e-17 -9.90000e+01  3.45692e-18
    7263.05  7.80570e-17 -9.90000e+01  3.46792e-18
    7264.57  7.70430e-17 -9.90000e+01  3.47350e-18
    7266.10  7.32340e-17 -9.90000e+01  3.47643e-18
    7267.62  7.22380e-17 -9.90000e+01  3.47977e-18
    7269.15  7.60980e-17 -9.90000e+01  3.49086e-18
    7270.68  7.95430e-17 -9.90000e+01  3.50666e-18
    7272.20  8.23920e-17 -9.90000e+01  3.52038e-18
    7273.73  8.02580e-17 -9.90000e+01  3.52666e-18
    7275.25  7.66410e-17 -9.90000e+01  3.53085e-18
    7276.77  7.67890e-17 -9.90000e+01  3.52618e-18
    7278.30  7.61000e-17 -9.90000e+01  3.50800e-18
    7279.82  7.48310e-17 -9.90000e+01  3.48779e-18
    7281.35  6.82190e-17 -9.90000e+01  3.48036e-18
    7282.88  7.16580e-17 -9.90000e+01  3.47922e-18
    7284.40  8.03730e-17 -9.90000e+01  3.47968e-18
    7285.93  8.21300e-17 -9.90000e+01  3.48064e-18
    7287.45  7.26430e-17 -9.90000e+01  3.48230e-18
    7288.98  6.91200e-17 -9.90000e+01  3.48565e-18
    7290.50  7.29660e-17 -9.90000e+01  3.49131e-18
    7292.02  7.38860e-17 -9.90000e+01  3.49484e-18
    7293.55  7.22300e-17 -9.90000e+01  3.49739e-18
    7295.07  7.17920e-17 -9.90000e+01  3.50266e-18
    7296.60  7.60620e-17 -9.90000e+01  3.51443e-18
    7298.12  7.95060e-17 -9.90000e+01  3.52151e-18
    7299.65  8.31080e-17 -9.90000e+01  3.52565e-18
    7301.18  8.22600e-17 -9.90000e+01  3.52907e-18
    7302.70  7.44420e-17 -9.90000e+01  3.53414e-18
    7304.23  7.17870e-17 -9.90000e+01  3.54310e-18
    7305.75  6.87230e-17 -9.90000e+01  3.55262e-18
    7307.27  7.16070e-17 -9.90000e+01  3.55665e-18
    7308.80  7.54070e-17 -9.90000e+01  3.55629e-18
    7310.32  6.95640e-17 -9.90000e+01  3.55741e-18
    7311.85  7.15660e-17 -9.90000e+01  3.55078e-18
    7313.38  7.41740e-17 -9.90000e+01  3.53910e-18
    7314.90  6.97810e-17 -9.90000e+01  3.53046e-18
    7316.43  7.00910e-17 -9.90000e+01  3.52928e-18
    7317.95  7.20480e-17 -9.90000e+01  3.52909e-18
    7319.48  7.34610e-17 -9.90000e+01  3.53465e-18
    7321.00  7.51460e-17 -9.90000e+01  3.53896e-18
    7322.52  7.46490e-17 -9.90000e+01  3.54090e-18
    7324.05  7.34810e-17 -9.90000e+01  3.54313e-18
    7325.57  7.77460e-17 -9.90000e+01  3.54881e-18
    7327.10  8.21240e-17 -9.90000e+01  3.55226e-18
    7328.62  7.63480e-17 -9.90000e+01  3.55399e-18
    7330.15  6.97240e-17 -9.90000e+01  3.55524e-18
    7331.68  7.09930e-17 -9.90000e+01  3.55678e-18
    7333.20  7.29970e-17 -9.90000e+01  3.55723e-18
    7334.73  7.54070e-17 -9.90000e+01  3.56588e-18
    7336.25  7.81390e-17 -9.90000e+01  3.57394e-18
    7337.77  8.13830e-17 -9.90000e+01  3.57712e-18
    7339.30  8.21120e-17 -9.90000e+01  3.58137e-18
    7340.82  7.36000e-17 -9.90000e+01  3.59150e-18
    7342.35  7.16280e-17 -9.90000e+01  3.60297e-18
    7343.88  7.40340e-17 -9.90000e+01  3.61366e-18
    7345.40  8.46290e-17 -9.90000e+01  3.62267e-18
    7346.93  1.00770e-16 -9.90000e+01  3.62853e-18
    7348.45  9.30900e-17 -9.90000e+01  3.63019e-18
    7349.98  7.64870e-17 -9.90000e+01  3.62748e-18
    7351.50  7.66320e-17 -9.90000e+01  3.62118e-18
    7353.02  8.05590e-17 -9.90000e+01  3.61288e-18
    7354.55  7.77160e-17 -9.90000e+01  3.60773e-18
    7356.07  7.03340e-17 -9.90000e+01  3.60565e-18
    7357.60  6.68440e-17 -9.90000e+01  3.60673e-18
    7359.12  6.81150e-17 -9.90000e+01  3.61057e-18
    7360.65  7.07760e-17 -9.90000e+01  3.61624e-18
    7362.18  7.25920e-17 -9.90000e+01  3.62073e-18
    7363.70  7.14350e-17 -9.90000e+01  3.62686e-18
    7365.23  7.11020e-17 -9.90000e+01  3.63274e-18
    7366.75  7.22000e-17 -9.90000e+01  3.63621e-18
    7368.27  7.58630e-17 -9.90000e+01  3.63693e-18
    7369.80  7.89390e-17 -9.90000e+01  3.63853e-18
    7371.32  7.26010e-17 -9.90000e+01  3.64112e-18
    7372.85  6.84970e-17 -9.90000e+01  3.64288e-18
    7374.38  7.13050e-17 -9.90000e+01  3.64333e-18
    7375.90  7.55700e-17 -9.90000e+01  3.64535e-18
    7377.43  7.75470e-17 -9.90000e+01  3.65013e-18
    7378.95  7.64220e-17 -9.90000e+01  3.65439e-18
    7380.48  7.46740e-17 -9.90000e+01  3.65725e-18
    7382.00  7.02170e-17 -9.90000e+01  3.66042e-18
    7383.52  7.01290e-17 -9.90000e+01  3.66694e-18
    7385.05  7.16250e-17 -9.90000e+01  3.67405e-18
    7386.57  7.03510e-17 -9.90000e+01  3.67638e-18
    7388.10  7.30890e-17 -9.90000e+01  3.67509e-18
    7389.62  7.32620e-17 -9.90000e+01  3.67652e-18
    7391.15  7.03380e-17 -9.90000e+01  3.67924e-18
    7392.68  6.94180e-17 -9.90000e+01  3.67792e-18
    7394.20  6.83190e-17 -9.90000e+01  3.67494e-18
    7395.73  7.01340e-17 -9.90000e+01  3.67441e-18
    7397.25  6.89820e-17 -9.90000e+01  3.67668e-18
    7398.77  7.06850e-17 -9.90000e+01  3.67778e-18
    7400.30  7.59940e-17 -9.90000e+01  3.67908e-18
    7401.83  7.36200e-17 -9.90000e+01  3.68295e-18
    7403.35  7.10700e-17 -9.90000e+01  3.68936e-18
    7404.88  7.28420e-17 -9.90000e+01  3.69174e-18
    7406.40  7.07440e-17 -9.90000e+01  3.69646e-18
    7407.93  7.04840e-17 -9.90000e+01  3.70274e-18
    7409.45  7.17770e-17 -9.90000e+01  3.70767e-18
    7410.98  7.28450e-17 -9.90000e+01  3.70848e-18
    7412.50  7.59210e-17 -9.90000e+01  3.70823e-18
    7414.02  7.36180e-17 -9.90000e+01  3.71069e-18
    7415.55  7.56480e-17 -9.90000e+01  3.71492e-18
    7417.07  7.68710e-17 -9.90000e+01  3.71880e-18
    7418.60  7.41890e-17 -9.90000e+01  3.72113e-18
    7420.12  7.52020e-17 -9.90000e+01  3.72565e-18
    7421.65  7.59180e-17 -9.90000e+01  3.73022e-18
    7423.18  7.67200e-17 -9.90000e+01  3.73553e-18
    7424.70  7.27650e-17 -9.90000e+01  3.74240e-18
    7426.23  6.77730e-17 -9.90000e+01  3.74841e-18
    7427.75  7.08770e-17 -9.90000e+01  3.75444e-18
    7429.27  7.42820e-17 -9.90000e+01  3.76274e-18
    7430.80  6.88570e-17 -9.90000e+01  3.77135e-18
    7432.32  6.82920e-17 -9.90000e+01  3.77677e-18
    7433.85  7.28960e-17 -9.90000e+01  3.77712e-18
    7435.38  6.90680e-17 -9.90000e+01  3.77968e-18
    7436.90  7.05010e-17 -9.90000e+01  3.78301e-18
    7438.43  7.30220e-17 -9.90000e+01  3.78590e-18
    7439.95  7.27700e-17 -9.90000e+01  3.79097e-18
    7441.48  7.24900e-17 -9.90000e+01  3.80227e-18
    7443.00  7.39040e-17 -9.90000e+01  3.81329e-18
    7444.52  7.00940e-17 -9.90000e+01  3.82308e-18
    7446.05  6.83540e-17 -9.90000e+01  3.83243e-18
    7447.57  6.90250e-17 -9.90000e+01  3.83972e-18
    7449.10  7.03560e-17 -9.90000e+01  3.84294e-18
    7450.62  7.65660e-17 -9.90000e+01  3.84323e-18
    7452.15  7.77540e-17 -9.90000e+01  3.84279e-18
    7453.68  7.46820e-17 -9.90000e+01  3.84391e-18
    7455.20  7.34350e-17 -9.90000e+01  3.84814e-18
    7456.73  7.19760e-17 -9.90000e+01  3.85096e-18
    7458.25  7.28710e-17 -9.90000e+01  3.85418e-18
    7459.77  7.15770e-17 -9.90000e+01  3.86058e-18
    7461.30  6.70880e-17 -9.90000e+01  3.87181e-18
    7462.82  6.48130e-17 -9.90000e+01  3.87897e-18
    7464.35  6.38970e-17 -9.90000e+01  3.88393e-18
    7465.88  6.41330e-17 -9.90000e+01  3.88979e-18
    7467.40  6.62590e-17 -9.90000e+01  3.89735e-18
    7468.93  6.94670e-17 -9.90000e+01  3.90451e-18
    7470.45  7.23300e-17 -9.90000e+01  3.90459e-18
    7471.98  6.74270e-17 -9.90000e+01  3.92210e-18
    7473.50  6.62870e-17 -9.90000e+01  3.94232e-18
    7475.02  7.08390e-17 -9.90000e+01  3.94339e-18
    7476.55  7.32260e-17 -9.90000e+01  3.93215e-18
    7478.07  7.70050e-17 -9.90000e+01  3.93685e-18
    7479.60  7.67100e-17 -9.90000e+01  3.95005e-18
    7481.12  7.45070e-17 -9.90000e+01  3.96026e-18
    7482.65  7.40180e-17 -9.90000e+01  3.96490e-18
    7484.18  7.21040e-17 -9.90000e+01  3.96581e-18
    7485.70  7.07280e-17 -9.90000e+01  3.96874e-18
    7487.23  7.48010e-17 -9.90000e+01  3.97224e-18
    7488.75  7.70230e-17 -9.90000e+01  3.97536e-18
    7490.27  7.54540e-17 -9.90000e+01  3.97933e-18
    7491.80  7.27210e-17 -9.90000e+01  3.98260e-18
    7493.32  7.31790e-17 -9.90000e+01  3.98718e-18
    7494.85  7.23510e-17 -9.90000e+01  3.99319e-18
    7496.38  6.73800e-17 -9.90000e+01  3.99964e-18
    7497.90  6.87130e-17 -9.90000e+01  4.00579e-18
    7499.43  7.19060e-17 -9.90000e+01  4.01327e-18
    7500.95  6.93300e-17 -9.90000e+01  4.02007e-18
    7502.48  6.92830e-17 -9.90000e+01  4.02649e-18
    7504.00  7.18680e-17 -9.90000e+01  4.03399e-18
    7505.52  7.21840e-17 -9.90000e+01  4.04234e-18
    7507.05  7.02700e-17 -9.90000e+01  4.04721e-18
    7508.57  6.76540e-17 -9.90000e+01  4.05128e-18
    7510.10  6.74980e-17 -9.90000e+01  4.05633e-18
    7511.62  6.83170e-17 -9.90000e+01  4.06154e-18
    7513.15  6.83140e-17 -9.90000e+01  4.06798e-18
    7514.68  6.70780e-17 -9.90000e+01  4.07534e-18
    7516.20  6.79920e-17 -9.90000e+01  4.08204e-18
    7517.73  7.14140e-17 -9.90000e+01  4.08697e-18
    7519.25  7.32590e-17 -9.90000e+01  4.09159e-18
    7520.77  7.15400e-17 -9.90000e+01  4.10215e-18
    7522.30  6.85070e-17 -9.90000e+01  4.11423e-18
    7523.82  6.82600e-17 -9.90000e+01  4.12177e-18
    7525.35  7.22050e-17 -9.90000e+01  4.12474e-18
    7526.88  7.29700e-17 -9.90000e+01  4.13340e-18
    7528.40  7.72830e-17 -9.90000e+01  4.14217e-18
    7529.93  7.86330e-17 -9.90000e+01  4.14987e-18
    7531.45  6.99750e-17 -9.90000e+01  4.15618e-18
    7532.98  6.61320e-17 -9.90000e+01  4.16159e-18
    7534.50  6.63680e-17 -9.90000e+01  4.16635e-18
    7536.02  6.71080e-17 -9.90000e+01  4.17254e-18
    7537.55  7.30620e-17 -9.90000e+01  4.17841e-18
    7539.07  7.40230e-17 -9.90000e+01  4.19404e-18
    7540.60  7.29970e-17 -9.90000e+01  4.23806e-18
    7542.12  7.15060e-17 -9.90000e+01  4.31619e-18
    7543.65  7.12030e-17 -9.90000e+01  4.38416e-18
    7545.18  7.03070e-17 -9.90000e+01  4.43316e-18
    7546.70  7.36410e-17 -9.90000e+01  4.47563e-18
    7548.23  7.46850e-17 -9.90000e+01  4.52073e-18
    7549.75  7.52830e-17 -9.90000e+01  4.52326e-18
    7551.27  7.56130e-17 -9.90000e+01  4.49145e-18
    7552.80  7.48420e-17 -9.90000e+01  4.45228e-18
    7554.32  7.82720e-17 -9.90000e+01  4.42213e-18
    7555.85  7.72330e-17 -9.90000e+01  4.38158e-18
    7557.38  7.34890e-17 -9.90000e+01  4.34275e-18
    7558.90  7.05380e-17 -9.90000e+01  4.32377e-18
    7560.43  7.33720e-17 -9.90000e+01  4.32436e-18
    7561.95  8.04100e-17 -9.90000e+01  4.32504e-18
    7563.47  7.66390e-17 -9.90000e+01  4.31862e-18
    7565.00  7.43020e-17 -9.90000e+01  4.30075e-18
    7566.52  7.56520e-17 -9.90000e+01  4.28615e-18
    7568.05  7.57870e-17 -9.90000e+01  4.28274e-18
    7569.57  7.37810e-17 -9.90000e+01  4.28574e-18
    7571.10  7.21510e-17 -9.90000e+01  4.29230e-18
    7572.62  7.40180e-17 -9.90000e+01  4.29998e-18
    7574.15  7.62870e-17 -9.90000e+01  4.30444e-18
    7575.68  7.67350e-17 -9.90000e+01  4.30814e-18
    7577.20  7.40080e-17 -9.90000e+01  4.32068e-18
    7578.73  7.37800e-17 -9.90000e+01  4.38210e-18
    7580.25  7.63750e-17 -9.90000e+01  4.47710e-18
    7581.77  7.76750e-17 -9.90000e+01  4.55718e-18
    7583.30  7.88910e-17 -9.90000e+01  4.57462e-18
    7584.82  7.73510e-17 -9.90000e+01  4.58165e-18
    7586.35  7.78510e-17 -9.90000e+01  4.57656e-18
    7587.88  7.67640e-17 -9.90000e+01  4.54187e-18
    7589.40  7.79420e-17 -9.90000e+01  4.49013e-18
    7590.93  8.28100e-17 -9.90000e+01  4.45754e-18
    7592.45  7.94380e-17 -9.90000e+01  4.45421e-18
    7593.98  7.98290e-17 -9.90000e+01  4.45154e-18
    7595.50  9.07270e-17 -9.90000e+01  4.43492e-18
    7597.02  9.74110e-17 -9.90000e+01  4.40115e-18
    7598.55  9.43070e-17 -9.90000e+01  4.36394e-18
    7600.07  8.87880e-17 -9.90000e+01  4.35943e-18
    7601.60  9.12200e-17 -9.90000e+01  4.37044e-18
    7603.12  8.49700e-17 -9.90000e+01  4.37765e-18
    7604.65  6.89910e-17 -9.90000e+01  4.37777e-18
    7606.18  7.75140e-17 -9.90000e+01  4.37775e-18
    7607.70  7.67290e-17 -9.90000e+01  4.38978e-18
    7609.23  5.42540e-17 -9.90000e+01  4.40429e-18
    7610.75  4.29970e-17 -9.90000e+01  4.41402e-18
    7612.27  4.74410e-17 -9.90000e+01  4.41721e-18
    7613.80  5.62050e-17 -9.90000e+01  4.41869e-18
    7615.32  6.79780e-17 -9.90000e+01  4.41417e-18
    7616.85  8.26700e-17 -9.90000e+01  4.39104e-18
    7618.38  8.83000e-17 -9.90000e+01  4.36654e-18
    7619.90  8.66170e-17 -9.90000e+01  4.37864e-18
    7621.43  8.80070e-17 -9.90000e+01  4.45894e-18
    7622.95  7.96850e-17 -9.90000e+01  4.52130e-18
    7624.48  6.94900e-17 -9.90000e+01  4.54657e-18
    7626.00  7.41250e-17 -9.90000e+01  4.54892e-18
    7627.52  7.20880e-17 -9.90000e+01  4.54266e-18
    7629.05  6.56300e-17 -9.90000e+01  4.50280e-18
    7630.57  7.80700e-17 -9.90000e+01  4.42352e-18
    7632.10  8.98120e-17 -9.90000e+01  4.35706e-18
    7633.62  7.66090e-17 -9.90000e+01  4.35251e-18
    7635.15  6.97610e-17 -9.90000e+01  4.39588e-18
    7636.68  7.87640e-17 -9.90000e+01  4.42570e-18
    7638.20  8.00140e-17 -9.90000e+01  4.43937e-18
    7639.73  8.07680e-17 -9.90000e+01  4.44255e-18
    7641.25  8.21650e-17 -9.90000e+01  4.43491e-18
    7642.77  8.47350e-17 -9.90000e+01  4.40458e-18
    7644.30  8.60960e-17 -9.90000e+01  4.36448e-18
    7645.82  8.15180e-17 -9.90000e+01  4.38265e-18
    7647.35  7.99450e-17 -9.90000e+01  4.46774e-18
    7648.88  7.96140e-17 -9.90000e+01  4.53529e-18
    7650.40  7.49130e-17 -9.90000e+01  4.55682e-18
    7651.93  7.57510e-17 -9.90000e+01  4.56129e-18
    7653.45  8.49860e-17 -9.90000e+01  4.54909e-18
    7654.98  8.13950e-17 -9.90000e+01  4.49916e-18
    7656.50  7.79590e-17 -9.90000e+01  4.40084e-18
    7658.02  8.15980e-17 -9.90000e+01  4.34004e-18
    7659.55  8.04790e-17 -9.90000e+01  4.31868e-18
    7661.07  7.47910e-17 -9.90000e+01  4.31436e-18
    7662.60  7.80940e-17 -9.90000e+01  4.31140e-18
    7664.12  8.19480e-17 -9.90000e+01  4.32028e-18
    7665.65  7.80070e-17 -9.90000e+01  4.35248e-18
    7667.18  7.45310e-17 -9.90000e+01  4.38070e-18
    7668.70  7.66710e-17 -9.90000e+01  4.38689e-18
    7670.23  7.95440e-17 -9.90000e+01  4.38564e-18
    7671.75  7.62880e-17 -9.90000e+01  4.38271e-18
    7673.27  7.22830e-17 -9.90000e+01  4.35474e-18
    7674.80  7.25120e-17 -9.90000e+01  4.33826e-18
    7676.32  7.75740e-17 -9.90000e+01  4.36832e-18
    7677.85  7.54530e-17 -9.90000e+01  4.43573e-18
    7679.38  7.38860e-17 -9.90000e+01  4.46563e-18
    7680.90  7.38450e-17 -9.90000e+01  4.47161e-18
    7682.43  7.27780e-17 -9.90000e+01  4.46604e-18
    7683.95  7.15620e-17 -9.90000e+01  4.43926e-18
    7685.48  7.20840e-17 -9.90000e+01  4.35921e-18
    7687.00  7.36120e-17 -9.90000e+01  4.28979e-18
    7688.52  7.14140e-17 -9.90000e+01  4.25395e-18
    7690.05  7.34530e-17 -9.90000e+01  4.24414e-18
    7691.57  7.50530e-17 -9.90000e+01  4.23617e-18
    7693.10  7.30040e-17 -9.90000e+01  4.22866e-18
    7694.62  7.21800e-17 -9.90000e+01  4.22390e-18
    7696.15  7.63150e-17 -9.90000e+01  4.21907e-18
    7697.68  7.58490e-17 -9.90000e+01  4.21628e-18
    7699.20  7.38710e-17 -9.90000e+01  4.22398e-18
    7700.73  7.19980e-17 -9.90000e+01  4.25263e-18
    7702.25  6.93870e-17 -9.90000e+01  4.27150e-18
    7703.77  7.09830e-17 -9.90000e+01  4.27573e-18
    7705.30  6.95140e-17 -9.90000e+01  4.27195e-18
    7706.82  7.34260e-17 -9.90000e+01  4.26357e-18
    7708.35  7.51800e-17 -9.90000e+01  4.24300e-18
    7709.88  7.09800e-17 -9.90000e+01  4.24939e-18
    7711.40  6.59780e-17 -9.90000e+01  4.28083e-18
    7712.93  6.27750e-17 -9.90000e+01  4.30373e-18
    7714.45  6.16920e-17 -9.90000e+01  4.30634e-18
    7715.98  6.00400e-17 -9.90000e+01  4.30392e-18
    7717.50  6.54750e-17 -9.90000e+01  4.28202e-18
    7719.02  6.62480e-17 -9.90000e+01  4.23279e-18
    7720.55  6.74300e-17 -9.90000e+01  4.17434e-18
    7722.07  7.07060e-17 -9.90000e+01  4.14540e-18
    7723.60  6.82530e-17 -9.90000e+01  4.13694e-18
    7725.13  6.61420e-17 -9.90000e+01  4.13430e-18
    7726.65  6.51420e-17 -9.90000e+01  4.13084e-18
    7728.18  6.45900e-17 -9.90000e+01  4.12538e-18
    7729.70  5.90520e-17 -9.90000e+01  4.12779e-18
    7731.23  5.97300e-17 -9.90000e+01  4.12389e-18
    7732.75  6.06260e-17 -9.90000e+01  4.11235e-18
    7734.27  5.81510e-17 -9.90000e+01  4.10172e-18
    7735.80  6.03880e-17 -9.90000e+01  4.09522e-18
    7737.32  6.35320e-17 -9.90000e+01  4.09122e-18
    7738.85  6.30330e-17 -9.90000e+01  4.09891e-18
    7740.37  6.08840e-17 -9.90000e+01  4.11343e-18
    7741.90  5.66850e-17 -9.90000e+01  4.12059e-18
    7743.43  5.70290e-17 -9.90000e+01  4.11727e-18
    7744.95  6.30960e-17 -9.90000e+01  4.11159e-18
    7746.48  6.42080e-17 -9.90000e+01  4.10721e-18
    7748.00  6.31920e-17 -9.90000e+01  4.10864e-18
    7749.52  6.34080e-17 -9.90000e+01  4.11968e-18
    7751.05  6.18330e-17 -9.90000e+01  4.12934e-18
    7752.57  5.63030e-17 -9.90000e+01  4.13019e-18
    7754.10  5.10210e-17 -9.90000e+01  4.12336e-18
    7755.62  5.22330e-17 -9.90000e+01  4.10928e-18
    7757.15  5.64710e-17 -9.90000e+01  4.07276e-18
    7758.68  6.03310e-17 -9.90000e+01  4.03777e-18
    7760.20  5.50020e-17 -9.90000e+01  4.01719e-18
    7761.73  5.14630e-17 -9.90000e+01  4.00989e-18
    7763.25  5.64980e-17 -9.90000e+01  4.00450e-18
    7764.77  5.80970e-17 -9.90000e+01  4.00168e-18
    7766.30  5.61800e-17 -9.90000e+01  3.99725e-18
    7767.82  5.59300e-17 -9.90000e+01  3.99191e-18
    7769.35  6.24620e-17 -9.90000e+01  3.98731e-18
    7770.88  6.28910e-17 -9.90000e+01  3.98465e-18
    7772.40  5.77520e-17 -9.90000e+01  3.98297e-18
    7773.93  6.05960e-17 -9.90000e+01  3.98449e-18
    7775.45  6.48990e-17 -9.90000e+01  3.98834e-18
    7776.98  5.85740e-17 -9.90000e+01  3.99295e-18
    7778.50  5.53740e-17 -9.90000e+01  3.99869e-18
    7780.02  5.62230e-17 -9.90000e+01  4.00181e-18
    7781.55  5.74290e-17 -9.90000e+01  4.00331e-18
    7783.07  6.15810e-17 -9.90000e+01  4.00798e-18
    7784.60  5.89890e-17 -9.90000e+01  4.01910e-18
    7786.12  5.45540e-17 -9.90000e+01  4.02768e-18
    7787.65  6.04010e-17 -9.90000e+01  4.02572e-18
    7789.18  6.89910e-17 -9.90000e+01  4.02048e-18
    7790.70  6.46510e-17 -9.90000e+01  4.01843e-18
    7792.23  5.99520e-17 -9.90000e+01  4.01821e-18
    7793.75  6.48970e-17 -9.90000e+01  4.01316e-18
    7795.27  6.67120e-17 -9.90000e+01  4.01469e-18
    7796.80  5.68420e-17 -9.90000e+01  4.01971e-18
    7798.32  5.04060e-17 -9.90000e+01  4.01907e-18
    7799.85  5.50980e-17 -9.90000e+01  4.00035e-18
    7801.38  6.13170e-17 -9.90000e+01  3.97947e-18
    7802.90  6.17080e-17 -9.90000e+01  3.95579e-18
    7804.43  6.18220e-17 -9.90000e+01  3.93090e-18
    7805.95  5.94050e-17 -9.90000e+01  3.91147e-18
    7807.48  5.80100e-17 -9.90000e+01  3.90949e-18
    7809.00  5.83660e-17 -9.90000e+01  3.90736e-18
    7810.52  5.86420e-17 -9.90000e+01  3.90361e-18
    7812.05  5.91790e-17 -9.90000e+01  3.89788e-18
    7813.57  5.63690e-17 -9.90000e+01  3.88932e-18
    7815.10  5.89860e-17 -9.90000e+01  3.88091e-18
    7816.62  6.03060e-17 -9.90000e+01  3.87227e-18
    7818.15  5.79250e-17 -9.90000e+01  3.86430e-18
    7819.68  5.95380e-17 -9.90000e+01  3.85891e-18
    7821.20  6.18700e-17 -9.90000e+01  3.85748e-18
    7822.73  6.49210e-17 -9.90000e+01  3.85448e-18
    7824.25  6.11190e-17 -9.90000e+01  3.84953e-18
    7825.77  6.02260e-17 -9.90000e+01  3.84407e-18
    7827.30  5.82250e-17 -9.90000e+01  3.83968e-18
    7828.82  5.97760e-17 -9.90000e+01  3.83718e-18
    7830.35  6.06920e-17 -9.90000e+01  3.84142e-18
    7831.88  6.36850e-17 -9.90000e+01  3.84834e-18
    7833.40  6.05700e-17 -9.90000e+01  3.85105e-18
    7834.93  5.99510e-17 -9.90000e+01  3.85249e-18
    7836.45  6.54590e-17 -9.90000e+01  3.88088e-18
    7837.98  6.56660e-17 -9.90000e+01  3.93872e-18
    7839.50  6.01660e-17 -9.90000e+01  3.97889e-18
    7841.02  5.89020e-17 -9.90000e+01  3.98568e-18
    7842.55  5.96180e-17 -9.90000e+01  3.98486e-18
    7844.07  6.27230e-17 -9.90000e+01  3.98210e-18
    7845.60  6.24870e-17 -9.90000e+01  3.95618e-18
    7847.12  5.90130e-17 -9.90000e+01  3.91182e-18
    7848.65  6.12570e-17 -9.90000e+01  3.87078e-18
    7850.18  6.50130e-17 -9.90000e+01  3.86041e-18
    7851.70  7.17250e-17 -9.90000e+01  3.84857e-18
    7853.23  6.65590e-17 -9.90000e+01  3.82930e-18
    7854.75  6.75830e-17 -9.90000e+01  3.81295e-18
    7856.27  5.96150e-17 -9.90000e+01  3.81021e-18
    7857.80  5.56900e-17 -9.90000e+01  3.80910e-18
    7859.32  5.41220e-17 -9.90000e+01  3.80525e-18
    7860.85  5.53880e-17 -9.90000e+01  3.80176e-18
    7862.38  6.26850e-17 -9.90000e+01  3.79694e-18
    7863.90  6.71810e-17 -9.90000e+01  3.78705e-18
    7865.43  6.47760e-17 -9.90000e+01  3.77979e-18
    7866.95  6.23090e-17 -9.90000e+01  3.77708e-18
    7868.48  6.00100e-17 -9.90000e+01  3.77507e-18
    7870.00  6.31320e-17 -9.90000e+01  3.77346e-18
    7871.52  6.83540e-17 -9.90000e+01  3.77783e-18
    7873.05  6.45940e-17 -9.90000e+01  3.79210e-18
    7874.57  6.14710e-17 -9.90000e+01  3.80283e-18
    7876.10  6.26660e-17 -9.90000e+01  3.80619e-18
    7877.62  5.91630e-17 -9.90000e+01  3.80331e-18
    7879.15  5.53450e-17 -9.90000e+01  3.79524e-18
    7880.68  6.10860e-17 -9.90000e+01  3.78139e-18
    7882.20  6.52040e-17 -9.90000e+01  3.76947e-18
    7883.73  6.42790e-17 -9.90000e+01  3.76483e-18
    7885.25  5.85910e-17 -9.90000e+01  3.77202e-18
    7886.77  5.51550e-17 -9.90000e+01  3.79862e-18
    7888.30  6.22870e-17 -9.90000e+01  3.84010e-18
    7889.82  6.88320e-17 -9.90000e+01  3.86711e-18
    7891.35  6.95480e-17 -9.90000e+01  3.87247e-18
    7892.88  6.69100e-17 -9.90000e+01  3.86646e-18
    7894.40  6.54500e-17 -9.90000e+01  3.85265e-18
    7895.93  6.51190e-17 -9.90000e+01  3.81508e-18
    7897.45  6.19690e-17 -9.90000e+01  3.77030e-18
    7898.98  6.14510e-17 -9.90000e+01  3.74145e-18
    7900.50  6.49800e-17 -9.90000e+01  3.73409e-18
    7902.03  6.56580e-17 -9.90000e+01  3.74552e-18
    7903.55  6.40490e-17 -9.90000e+01  3.75960e-18
    7905.07  6.60420e-17 -9.90000e+01  3.76788e-18
    7906.60  6.87970e-17 -9.90000e+01  3.76829e-18
    7908.12  7.04390e-17 -9.90000e+01  3.76657e-18
    7909.65  6.89260e-17 -9.90000e+01  3.75659e-18
    7911.18  6.28700e-17 -9.90000e+01  3.73678e-18
    7912.70  6.70870e-17 -9.90000e+01  3.71913e-18
    7914.23  7.19820e-17 -9.90000e+01  3.71793e-18
    7915.75  7.09160e-17 -9.90000e+01  3.74418e-18
    7917.27  6.59580e-17 -9.90000e+01  3.75839e-18
    7918.80  5.75200e-17 -9.90000e+01  3.76107e-18
    7920.32  6.48660e-17 -9.90000e+01  3.75782e-18
    7921.85  6.96890e-17 -9.90000e+01  3.74893e-18
    7923.38  6.36940e-17 -9.90000e+01  3.72068e-18
    7924.90  6.06360e-17 -9.90000e+01  3.68779e-18
    7926.43  6.62630e-17 -9.90000e+01  3.66771e-18
    7927.95  7.04550e-17 -9.90000e+01  3.66385e-18
    7929.48  6.97100e-17 -9.90000e+01  3.66684e-18
    7931.00  7.05160e-17 -9.90000e+01  3.66686e-18
    7932.52  6.95550e-17 -9.90000e+01  3.66516e-18
    7934.05  7.03600e-17 -9.90000e+01  3.66889e-18
    7935.57  6.46920e-17 -9.90000e+01  3.68366e-18
    7937.10  6.15470e-17 -9.90000e+01  3.69928e-18
    7938.62  6.18550e-17 -9.90000e+01  3.70936e-18
    7940.15  6.81350e-17 -9.90000e+01  3.71469e-18
    7941.68  6.94890e-17 -9.90000e+01  3.71498e-18
    7943.20  6.48010e-17 -9.90000e+01  3.70899e-18
    7944.73  6.35130e-17 -9.90000e+01  3.69754e-18
    7946.25  6.61410e-17 -9.90000e+01  3.70363e-18
    7947.77  6.56570e-17 -9.90000e+01  3.71842e-18
    7949.30  6.13170e-17 -9.90000e+01  3.72772e-18
    7950.82  5.78730e-17 -9.90000e+01  3.72582e-18
    7952.35  6.29270e-17 -9.90000e+01  3.72204e-18
    7953.88  6.54520e-17 -9.90000e+01  3.70710e-18
    7955.40  6.45200e-17 -9.90000e+01  3.68080e-18
    7956.93  6.27600e-17 -9.90000e+01  3.65232e-18
    7958.45  6.67210e-17 -9.90000e+01  3.63928e-18
    7959.98  7.04480e-17 -9.90000e+01  3.63650e-18
    7961.50  6.91760e-17 -9.90000e+01  3.63892e-18
    7963.02  7.43020e-17 -9.90000e+01  3.64034e-18
    7964.55  7.47200e-17 -9.90000e+01  3.63746e-18
    7966.07  7.10490e-17 -9.90000e+01  3.63551e-18
    7967.60  6.99070e-17 -9.90000e+01  3.63319e-18
    7969.12  6.58720e-17 -9.90000e+01  3.63046e-18
    7970.65  6.12940e-17 -9.90000e+01  3.63025e-18
    7972.18  6.51590e-17 -9.90000e+01  3.63688e-18
    7973.70  6.80430e-17 -9.90000e+01  3.64423e-18
    7975.23  7.31500e-17 -9.90000e+01  3.64680e-18
    7976.75  7.97560e-17 -9.90000e+01  3.64539e-18
    7978.27  7.50150e-17 -9.90000e+01  3.64246e-18
    7979.80  7.04230e-17 -9.90000e+01  3.63829e-18
    7981.32  7.10910e-17 -9.90000e+01  3.64480e-18
    7982.85  6.96820e-17 -9.90000e+01  3.65435e-18
    7984.38  6.84400e-17 -9.90000e+01  3.65984e-18
    7985.90  7.00840e-17 -9.90000e+01  3.65949e-18
    7987.43  6.92170e-17 -9.90000e+01  3.66060e-18
    7988.95  6.94360e-17 -9.90000e+01  3.65315e-18
    7990.48  7.08010e-17 -9.90000e+01  3.63645e-18
    7992.00  6.60560e-17 -9.90000e+01  3.61821e-18
    7993.52  6.57970e-17 -9.90000e+01  3.60787e-18
    7995.05  7.50330e-17 -9.90000e+01  3.60514e-18
    7996.57  7.41460e-17 -9.90000e+01  3.60486e-18
    7998.10  6.73000e-17 -9.90000e+01  3.60486e-18
    7999.62  6.89120e-17 -9.90000e+01  3.60470e-18
    8001.15  7.15370e-17 -9.90000e+01  3.60443e-18
    8002.68  7.03950e-17 -9.90000e+01  3.60684e-18
    8004.20  6.62320e-17 -9.90000e+01  3.61014e-18
    8005.73  6.91800e-17 -9.90000e+01  3.61375e-18
    8007.25  7.19520e-17 -9.90000e+01  3.61843e-18
    8008.77  7.05140e-17 -9.90000e+01  3.62544e-18
    8010.30  7.00010e-17 -9.90000e+01  3.62859e-18
    8011.82  7.21480e-17 -9.90000e+01  3.63044e-18
    8013.35  7.30850e-17 -9.90000e+01  3.63196e-18
    8014.88  7.19320e-17 -9.90000e+01  3.63194e-18
    8016.40  7.09740e-17 -9.90000e+01  3.62730e-18
    8017.93  7.09640e-17 -9.90000e+01  3.62503e-18
    8019.45  7.46470e-17 -9.90000e+01  3.62704e-18
    8020.98  7.64000e-17 -9.90000e+01  3.63113e-18
    8022.50  7.49400e-17 -9.90000e+01  3.63422e-18
    8024.02  6.96030e-17 -9.90000e+01  3.63563e-18
    8025.55  6.66470e-17 -9.90000e+01  3.63512e-18
    8027.07  7.25100e-17 -9.90000e+01  3.63015e-18
    8028.60  7.58390e-17 -9.90000e+01  3.61819e-18
    8030.12  7.58280e-17 -9.90000e+01  3.60263e-18
    8031.65  7.79060e-17 -9.90000e+01  3.60800e-18
    8033.18  7.49080e-17 -9.90000e+01  3.66329e-18
    8034.70  6.73090e-17 -9.90000e+01  3.74693e-18
    8036.23  6.84730e-17 -9.90000e+01  3.82350e-18
    8037.75  7.51810e-17 -9.90000e+01  3.88100e-18
    8039.27  7.69370e-17 -9.90000e+01  3.94778e-18
    8040.80  7.48990e-17 -9.90000e+01  3.97848e-18
    8042.32  7.34030e-17 -9.90000e+01  3.95765e-18
    8043.85  7.36330e-17 -9.90000e+01  3.90877e-18
    8045.38  7.67420e-17 -9.90000e+01  3.86584e-18
    8046.90  7.72000e-17 -9.90000e+01  3.80852e-18
    8048.43  7.45490e-17 -9.90000e+01  3.75074e-18
    8049.95  7.28600e-17 -9.90000e+01  3.71501e-18
    8051.48  7.69560e-17 -9.90000e+01  3.71311e-18
    8053.00  7.45980e-17 -9.90000e+01  3.72072e-18
    8054.52  6.97470e-17 -9.90000e+01  3.69877e-18
    8056.05  7.19020e-17 -9.90000e+01  3.66357e-18
    8057.57  7.78560e-17 -9.90000e+01  3.64381e-18
    8059.10  7.70560e-17 -9.90000e+01  3.63464e-18
    8060.62  7.67250e-17 -9.90000e+01  3.63425e-18
    8062.15  7.67690e-17 -9.90000e+01  3.63544e-18
    8063.67  7.66990e-17 -9.90000e+01  3.63507e-18
    8065.20  7.76480e-17 -9.90000e+01  3.63300e-18
    8066.73  7.49750e-17 -9.90000e+01  3.62500e-18
    8068.25  7.78920e-17 -9.90000e+01  3.61950e-18
    8069.77  8.09310e-17 -9.90000e+01  3.61828e-18
    8071.30  7.55600e-17 -9.90000e+01  3.64080e-18
    8072.82  7.39660e-17 -9.90000e+01  3.71399e-18
    8074.35  8.10700e-17 -9.90000e+01  3.83594e-18
    8075.88  8.27910e-17 -9.90000e+01  3.91029e-18
    8077.40  7.49730e-17 -9.90000e+01  3.93551e-18
    8078.93  7.25360e-17 -9.90000e+01  3.93692e-18
    8080.45  7.54810e-17 -9.90000e+01  3.92344e-18
    8081.98  7.88660e-17 -9.90000e+01  3.85355e-18
    8083.50  7.93070e-17 -9.90000e+01  3.79306e-18
    8085.02  7.39620e-17 -9.90000e+01  3.76930e-18
    8086.55  7.20320e-17 -9.90000e+01  3.76922e-18
    8088.07  7.59890e-17 -9.90000e+01  3.76937e-18
    8089.60  7.91600e-17 -9.90000e+01  3.76724e-18
    8091.12  7.98220e-17 -9.90000e+01  3.73900e-18
    8092.65  7.96400e-17 -9.90000e+01  3.69181e-18
    8094.18  7.84090e-17 -9.90000e+01  3.65124e-18
    8095.70  7.42530e-17 -9.90000e+01  3.64706e-18
    8097.23  7.67900e-17 -9.90000e+01  3.66705e-18
    8098.75  7.91010e-17 -9.90000e+01  3.69248e-18
    8100.27  7.40700e-17 -9.90000e+01  3.70739e-18
    8101.80  7.81850e-17 -9.90000e+01  3.71118e-18
    8103.32  7.94080e-17 -9.90000e+01  3.72242e-18
    8104.85  7.80190e-17 -9.90000e+01  3.74056e-18
    8106.38  7.56950e-17 -9.90000e+01  3.75229e-18
    8107.90  7.95430e-17 -9.90000e+01  3.75174e-18
    8109.43  7.92680e-17 -9.90000e+01  3.75268e-18
    8110.95  8.15410e-17 -9.90000e+01  3.75619e-18
    8112.48  8.30490e-17 -9.90000e+01  3.74157e-18
    8114.00  8.30940e-17 -9.90000e+01  3.71289e-18
    8115.52  8.16130e-17 -9.90000e+01  3.69598e-18
    8117.05  7.60220e-17 -9.90000e+01  3.70414e-18
    8118.57  7.47670e-17 -9.90000e+01  3.78294e-18
    8120.10  7.33760e-17 -9.90000e+01  3.86700e-18
    8121.62  7.38860e-17 -9.90000e+01  3.91580e-18
    8123.15  8.17440e-17 -9.90000e+01  3.92544e-18
    8124.68  8.68250e-17 -9.90000e+01  3.92727e-18
    8126.20  8.67500e-17 -9.90000e+01  3.89896e-18
    8127.73  8.52140e-17 -9.90000e+01  3.82938e-18
    8129.25  8.37100e-17 -9.90000e+01  3.74662e-18
    8130.77  7.99090e-17 -9.90000e+01  3.69991e-18
    8132.30  8.01580e-17 -9.90000e+01  3.70223e-18
    8133.82  8.16670e-17 -9.90000e+01  3.74299e-18
    8135.35  7.68310e-17 -9.90000e+01  3.79224e-18
    8136.88  7.03520e-17 -9.90000e+01  3.81978e-18
    8138.40  6.90200e-17 -9.90000e+01  3.82678e-18
    8139.93  7.34490e-17 -9.90000e+01  3.83256e-18
    8141.45  7.59030e-17 -9.90000e+01  3.81919e-18
    8142.98  7.37000e-17 -9.90000e+01  3.78246e-18
    8144.50  7.68210e-17 -9.90000e+01  3.74543e-18
    8146.02  8.00750e-17 -9.90000e+01  3.77327e-18
    8147.55  8.06860e-17 -9.90000e+01  3.86496e-18
    8149.07  8.39470e-17 -9.90000e+01  3.95584e-18
    8150.60  7.98680e-17 -9.90000e+01  4.00185e-18
    8152.12  7.44700e-17 -9.90000e+01  4.01045e-18
    8153.65  7.80220e-17 -9.90000e+01  4.01227e-18
    8155.18  8.12740e-17 -9.90000e+01  3.96772e-18
    8156.70  7.66380e-17 -9.90000e+01  3.88185e-18
    8158.23  7.16340e-17 -9.90000e+01  3.79469e-18
    8159.75  7.66970e-17 -9.90000e+01  3.75650e-18
    8161.27  7.84330e-17 -9.90000e+01  3.74695e-18
    8162.80  7.52200e-17 -9.90000e+01  3.74521e-18
    8164.32  7.92780e-17 -9.90000e+01  3.74239e-18
    8165.85  7.99030e-17 -9.90000e+01  3.74579e-18
    8167.38  8.00090e-17 -9.90000e+01  3.77565e-18
    8168.90  8.00600e-17 -9.90000e+01  3.82262e-18
    8170.43  8.00590e-17 -9.90000e+01  3.85501e-18
    8171.95  7.97710e-17 -9.90000e+01  3.86664e-18
    8173.48  7.45610e-17 -9.90000e+01  3.87041e-18
    8175.00  7.49280e-17 -9.90000e+01  3.86714e-18
    8176.52  8.19220e-17 -9.90000e+01  3.84401e-18
    8178.05  8.06630e-17 -9.90000e+01  3.82908e-18
    8179.57  7.27430e-17 -9.90000e+01  3.86419e-18
    8181.10  7.16870e-17 -9.90000e+01  3.96074e-18
    8182.62  7.31840e-17 -9.90000e+01  4.04917e-18
    8184.15  7.06930e-17 -9.90000e+01  4.08367e-18
    8185.68  7.13370e-17 -9.90000e+01  4.09054e-18
    8187.20  7.64010e-17 -9.90000e+01  4.09645e-18
    8188.73  7.85940e-17 -9.90000e+01  4.07575e-18
    8190.25  7.61710e-17 -9.90000e+01  4.01543e-18
    8191.77  7.51440e-17 -9.90000e+01  3.96414e-18
    8193.30  7.90600e-17 -9.90000e+01  3.94307e-18
    8194.83  8.37000e-17 -9.90000e+01  3.93411e-18
    8196.35  8.33270e-17 -9.90000e+01  3.92204e-18
    8197.88  7.92000e-17 -9.90000e+01  3.91088e-18
    8199.40  7.41900e-17 -9.90000e+01  3.92964e-18
    8200.92  7.88470e-17 -9.90000e+01  3.96787e-18
    8202.45  7.96870e-17 -9.90000e+01  3.97653e-18
    8203.98  7.50130e-17 -9.90000e+01  3.97397e-18
    8205.50  7.55490e-17 -9.90000e+01  3.96007e-18
    8207.02  7.69370e-17 -9.90000e+01  3.93930e-18
    8208.55  7.88530e-17 -9.90000e+01  3.92310e-18
    8210.08  7.69780e-17 -9.90000e+01  3.92430e-18
    8211.60  7.70000e-17 -9.90000e+01  3.94581e-18
    8213.12  7.89460e-17 -9.90000e+01  3.96007e-18
    8214.65  7.89320e-17 -9.90000e+01  3.95718e-18
    8216.17  7.69970e-17 -9.90000e+01  3.94177e-18
    8217.70  7.25830e-17 -9.90000e+01  3.93811e-18
    8219.23  6.95190e-17 -9.90000e+01  3.96867e-18
    8220.75  7.56830e-17 -9.90000e+01  4.00174e-18
    8222.27  7.76530e-17 -9.90000e+01  4.01749e-18
    8223.80  7.00100e-17 -9.90000e+01  4.02334e-18
    8225.33  6.81940e-17 -9.90000e+01  4.01989e-18
    8226.85  8.01000e-17 -9.90000e+01  3.98395e-18
    8228.38  7.87550e-17 -9.90000e+01  3.92829e-18
    8229.90  6.89460e-17 -9.90000e+01  3.87624e-18
    8231.42  7.21930e-17 -9.90000e+01  3.85592e-18
    8232.95  7.77970e-17 -9.90000e+01  3.85059e-18
    8234.48  8.06000e-17 -9.90000e+01  3.84878e-18
    8236.00  8.27250e-17 -9.90000e+01  3.84749e-18
    8237.52  8.21640e-17 -9.90000e+01  3.84916e-18
    8239.05  8.15060e-17 -9.90000e+01  3.85498e-18
    8240.58  7.78050e-17 -9.90000e+01  3.85826e-18
    8242.10  7.26270e-17 -9.90000e+01  3.90661e-18
    8243.62  7.65260e-17 -9.90000e+01  4.00654e-18
    8245.15  8.26850e-17 -9.90000e+01  4.12012e-18
    8246.67  7.51210e-17 -9.90000e+01  4.16979e-18
    8248.20  7.05890e-17 -9.90000e+01  4.18623e-18
    8249.73  7.39670e-17 -9.90000e+01  4.19433e-18
    8251.25  7.49840e-17 -9.90000e+01  4.18582e-18
    8252.77  7.19750e-17 -9.90000e+01  4.13835e-18
    8254.30  6.92520e-17 -9.90000e+01  4.08820e-18
    8255.83  6.96410e-17 -9.90000e+01  4.06090e-18
    8257.35  7.35230e-17 -9.90000e+01  4.04895e-18
    8258.88  7.92460e-17 -9.90000e+01  4.02772e-18
    8260.40  7.61660e-17 -9.90000e+01  3.97528e-18
    8261.92  7.42040e-17 -9.90000e+01  3.96397e-18
    8263.45  7.44530e-17 -9.90000e+01  3.98474e-18
    8264.98  6.87250e-17 -9.90000e+01  4.00677e-18
    8266.50  6.90520e-17 -9.90000e+01  4.01350e-18
    8268.02  7.38710e-17 -9.90000e+01  4.01429e-18
    8269.55  7.57390e-17 -9.90000e+01  3.99443e-18
    8271.08  7.23460e-17 -9.90000e+01  3.95251e-18
    8272.60  6.98590e-17 -9.90000e+01  3.90642e-18
    8274.12  7.03510e-17 -9.90000e+01  3.88466e-18
    8275.65  7.21440e-17 -9.90000e+01  3.88086e-18
    8277.17  7.87070e-17 -9.90000e+01  3.88318e-18
    8278.70  8.04850e-17 -9.90000e+01  3.89369e-18
    8280.23  7.78420e-17 -9.90000e+01  3.91634e-18
    8281.75  7.32540e-17 -9.90000e+01  3.95307e-18
    8283.27  6.87410e-17 -9.90000e+01  3.97538e-18
    8284.80  6.81490e-17 -9.90000e+01  3.98170e-18
    8286.33  6.56910e-17 -9.90000e+01  3.97979e-18
    8287.85  6.89420e-17 -9.90000e+01  3.97199e-18
    8289.38  7.78070e-17 -9.90000e+01  3.94267e-18
    8290.90  6.75740e-17 -9.90000e+01  3.90750e-18
    8292.42  6.31220e-17 -9.90000e+01  3.88259e-18
    8293.95  6.56540e-17 -9.90000e+01  3.87962e-18
    8295.48  6.93810e-17 -9.90000e+01  3.90728e-18
    8297.00  6.90350e-17 -9.90000e+01  3.99982e-18
    8298.52  6.70710e-17 -9.90000e+01  4.09017e-18
    8300.05  7.14340e-17 -9.90000e+01  4.13949e-18
    8301.58  6.83410e-17 -9.90000e+01  4.15300e-18
    8303.10  6.47220e-17 -9.90000e+01  4.16273e-18
    8304.62  6.83320e-17 -9.90000e+01  4.13024e-18
    8306.15  6.76230e-17 -9.90000e+01  4.04841e-18
    8307.67  6.56090e-17 -9.90000e+01  3.97058e-18
    8309.20  7.05090e-17 -9.90000e+01  3.93390e-18
    8310.73  7.30820e-17 -9.90000e+01  3.93855e-18
    8312.25  7.22980e-17 -9.90000e+01  3.97491e-18
    8313.77  6.93070e-17 -9.90000e+01  4.02018e-18
    8315.30  6.86320e-17 -9.90000e+01  4.04888e-18
    8316.83  6.53490e-17 -9.90000e+01  4.05230e-18
    8318.35  6.57030e-17 -9.90000e+01  4.04779e-18
    8319.88  6.62920e-17 -9.90000e+01  4.02361e-18
    8321.40  6.35110e-17 -9.90000e+01  3.97911e-18
    8322.92  6.24170e-17 -9.90000e+01  3.93214e-18
    8324.45  6.20060e-17 -9.90000e+01  3.91444e-18
    8325.98  6.48940e-17 -9.90000e+01  3.96330e-18
    8327.50  6.72300e-17 -9.90000e+01  4.07057e-18
    8329.02  6.64330e-17 -9.90000e+01  4.15609e-18
    8330.55  6.29300e-17 -9.90000e+01  4.18342e-18
    8332.08  6.61430e-17 -9.90000e+01  4.19372e-18
    8333.60  6.48510e-17 -9.90000e+01  4.18710e-18
    8335.12  6.12810e-17 -9.90000e+01  4.12809e-18
    8336.65  6.45580e-17 -9.90000e+01  4.03587e-18
    8338.17  6.37480e-17 -9.90000e+01  3.95247e-18
    8339.70  6.56910e-17 -9.90000e+01  3.92696e-18
    8341.23  7.50400e-17 -9.90000e+01  3.91475e-18
    8342.75  7.22290e-17 -9.90000e+01  3.90852e-18
    8344.27  6.26140e-17 -9.90000e+01  3.90366e-18
    8345.80  6.97650e-17 -9.90000e+01  3.90040e-18
    8347.33  7.22800e-17 -9.90000e+01  3.91015e-18
    8348.85  6.84600e-17 -9.90000e+01  3.94954e-18
    8350.38  6.83870e-17 -9.90000e+01  3.98585e-18
    8351.90  6.80290e-17 -9.90000e+01  4.00322e-18
    8353.42  6.06020e-17 -9.90000e+01  4.01043e-18
    8354.95  5.97920e-17 -9.90000e+01  4.01368e-18
    8356.48  5.92760e-17 -9.90000e+01  3.99792e-18
    8358.00  5.76920e-17 -9.90000e+01  3.96757e-18
    8359.52  6.31620e-17 -9.90000e+01  3.95791e-18
    8361.05  6.50630e-17 -9.90000e+01  4.02036e-18
    8362.58  6.21780e-17 -9.90000e+01  4.08801e-18
    8364.10  6.01310e-17 -9.90000e+01  4.12405e-18
    8365.62  5.65870e-17 -9.90000e+01  4.13330e-18
    8367.15  5.97720e-17 -9.90000e+01  4.13097e-18
    8368.67  6.38410e-17 -9.90000e+01  4.10375e-18
    8370.20  5.75110e-17 -9.90000e+01  4.03068e-18
    8371.73  5.65960e-17 -9.90000e+01  3.96293e-18
    8373.25  6.05800e-17 -9.90000e+01  3.92508e-18
    8374.77  6.27530e-17 -9.90000e+01  3.90633e-18
    8376.30  6.57630e-17 -9.90000e+01  3.89864e-18
    8377.83  6.55210e-17 -9.90000e+01  3.89482e-18
    8379.35  6.57450e-17 -9.90000e+01  3.89071e-18
    8380.88  6.23810e-17 -9.90000e+01  3.88557e-18
    8382.40  5.69100e-17 -9.90000e+01  3.88268e-18
    8383.92  5.80350e-17 -9.90000e+01  3.88319e-18
    8385.45  5.93800e-17 -9.90000e+01  3.88132e-18
    8386.98  5.44080e-17 -9.90000e+01  3.88889e-18
    8388.50  5.24550e-17 -9.90000e+01  3.91146e-18
    8390.02  6.03490e-17 -9.90000e+01  3.93585e-18
    8391.55  5.95870e-17 -9.90000e+01  3.94879e-18
    8393.08  5.10350e-17 -9.90000e+01  3.95317e-18
    8394.60  5.12660e-17 -9.90000e+01  3.94750e-18
    8396.12  5.46440e-17 -9.90000e+01  3.93160e-18
    8397.65  5.49060e-17 -9.90000e+01  3.91396e-18
    8399.17  4.96050e-17 -9.90000e+01  3.93956e-18
    8400.70  4.39580e-17 -9.90000e+01  3.97705e-18
    8402.23  5.06010e-17 -9.90000e+01  3.99916e-18
    8403.75  5.44310e-17 -9.90000e+01  4.00095e-18
    8405.27  4.86220e-17 -9.90000e+01  4.00305e-18
    8406.80  4.78560e-17 -9.90000e+01  3.97445e-18
    8408.33  5.17310e-17 -9.90000e+01  3.92355e-18
    8409.85  5.59490e-17 -9.90000e+01  3.87913e-18
    8411.38  5.53330e-17 -9.90000e+01  3.86113e-18
    8412.90  5.31510e-17 -9.90000e+01  3.85499e-18
    8414.42  5.53670e-17 -9.90000e+01  3.85553e-18
    8415.95  5.37690e-17 -9.90000e+01  3.85565e-18
    8417.48  4.94970e-17 -9.90000e+01  3.85506e-18
    8419.00  4.93560e-17 -9.90000e+01  3.88165e-18
    8420.52  4.82280e-17 -9.90000e+01  3.88893e-18
    8422.05  4.67710e-17 -9.90000e+01  3.86999e-18
    8423.58  4.56360e-17 -9.90000e+01  3.85074e-18
    8425.10  5.17050e-17 -9.90000e+01  3.85612e-18
    8426.62  6.11100e-17 -9.90000e+01  3.85547e-18
    8428.15  5.50550e-17 -9.90000e+01  3.85139e-18
    8429.67  4.84140e-17 -9.90000e+01  3.84840e-18
    8431.20  4.54950e-17 -9.90000e+01  3.84882e-18
    8432.73  4.56090e-17 -9.90000e+01  3.85347e-18
    8434.25  5.65150e-17 -9.90000e+01  3.85922e-18
    8435.77  6.20600e-17 -9.90000e+01  3.86204e-18
    8437.30  5.55860e-17 -9.90000e+01  3.86081e-18
    8438.83  5.16910e-17 -9.90000e+01  3.85843e-18
    8440.35  5.47620e-17 -9.90000e+01  3.85865e-18
    8441.88  4.96380e-17 -9.90000e+01  3.86941e-18
    8443.40  4.71800e-17 -9.90000e+01  3.88128e-18
    8444.92  4.99060e-17 -9.90000e+01  3.88867e-18
    8446.45  5.25300e-17 -9.90000e+01  3.88945e-18
    8447.98  4.84650e-17 -9.90000e+01  3.88468e-18
    8449.50  4.17400e-17 -9.90000e+01  3.86556e-18
    8451.02  4.28860e-17 -9.90000e+01  3.83881e-18
    8452.55  4.49010e-17 -9.90000e+01  3.81843e-18
    8454.08  4.27310e-17 -9.90000e+01  3.81191e-18
    8455.60  4.56230e-17 -9.90000e+01  3.80430e-18
    8457.12  4.86840e-17 -9.90000e+01  3.79769e-18
    8458.65  5.26660e-17 -9.90000e+01  3.79349e-18
    8460.17  4.51840e-17 -9.90000e+01  3.79146e-18
    8461.70  4.64270e-17 -9.90000e+01  3.78939e-18
    8463.23  4.89210e-17 -9.90000e+01  3.78619e-18
    8464.75  4.85730e-17 -9.90000e+01  3.78575e-18
    8466.27  4.50110e-17 -9.90000e+01  3.78615e-18
    8467.80  4.52290e-17 -9.90000e+01  3.78471e-18
    8469.33  4.90430e-17 -9.90000e+01  3.78460e-18
    8470.85  5.18690e-17 -9.90000e+01  3.78135e-18
    8472.38  5.17470e-17 -9.90000e+01  3.77852e-18
    8473.90  4.44170e-17 -9.90000e+01  3.77777e-18
    8475.42  4.10520e-17 -9.90000e+01  3.77832e-18
    8476.95  4.44600e-17 -9.90000e+01  3.77871e-18
    8478.48  4.77940e-17 -9.90000e+01  3.78078e-18
    8480.00  4.75350e-17 -9.90000e+01  3.78467e-18
    8481.52  4.68190e-17 -9.90000e+01  3.78829e-18
    8483.05  4.50590e-17 -9.90000e+01  3.78913e-18
    8484.58  4.95870e-17 -9.90000e+01  3.78717e-18
    8486.10  5.10090e-17 -9.90000e+01  3.78606e-18
    8487.62  4.88440e-17 -9.90000e+01  3.78729e-18
    8489.15  5.22210e-17 -9.90000e+01  3.78880e-18
    8490.67  5.45730e-17 -9.90000e+01  3.78530e-18
    8492.20  5.14960e-17 -9.90000e+01  3.78081e-18
    8493.73  4.92080e-17 -9.90000e+01  3.77977e-18
    8495.25  5.00120e-17 -9.90000e+01  3.77406e-18
    8496.77  4.88950e-17 -9.90000e+01  3.75685e-18
    8498.30  4.70200e-17 -9.90000e+01  3.74087e-18
    8499.83  4.99790e-17 -9.90000e+01  3.73085e-18
    8501.35  4.82790e-17 -9.90000e+01  3.72586e-18
    8502.88  4.58560e-17 -9.90000e+01  3.72337e-18
    8504.40  4.63990e-17 -9.90000e+01  3.72134e-18
    8505.92  3.83250e-17 -9.90000e+01  3.72034e-18
    8507.45  3.97730e-17 -9.90000e+01  3.71818e-18
    8508.98  4.76730e-17 -9.90000e+01  3.71455e-18
    8510.50  4.32110e-17 -9.90000e+01  3.71062e-18
    8512.02  4.13970e-17 -9.90000e+01  3.70845e-18
    8513.55  4.48850e-17 -9.90000e+01  3.70607e-18
    8515.08  4.41070e-17 -9.90000e+01  3.70122e-18
    8516.60  4.38050e-17 -9.90000e+01  3.69779e-18
    8518.12  4.88440e-17 -9.90000e+01  3.69810e-18
    8519.65  4.94810e-17 -9.90000e+01  3.69530e-18
    8521.17  4.78530e-17 -9.90000e+01  3.69155e-18
    8522.70  4.81390e-17 -9.90000e+01  3.69095e-18
    8524.23  4.64490e-17 -9.90000e+01  3.69145e-18
    8525.75  4.46200e-17 -9.90000e+01  3.68881e-18
    8527.27  4.55770e-17 -9.90000e+01  3.68579e-18
    8528.80  4.54000e-17 -9.90000e+01  3.68169e-18
    8530.33  4.75220e-17 -9.90000e+01  3.68101e-18
    8531.85  4.34590e-17 -9.90000e+01  3.68436e-18
    8533.38  4.10760e-17 -9.90000e+01  3.68682e-18
    8534.90  4.12630e-17 -9.90000e+01  3.68348e-18
    8536.42  4.14090e-17 -9.90000e+01  3.68240e-18
    8537.95  4.49100e-17 -9.90000e+01  3.68297e-18
    8539.48  4.61100e-17 -9.90000e+01  3.68260e-18
    8541.00  4.82040e-17 -9.90000e+01  3.68059e-18
    8542.52  4.71090e-17 -9.90000e+01  3.67745e-18
    8544.05  4.03780e-17 -9.90000e+01  3.67271e-18
    8545.58  4.20040e-17 -9.90000e+01  3.66792e-18
    8547.10  4.63570e-17 -9.90000e+01  3.66401e-18
    8548.62  4.27830e-17 -9.90000e+01  3.65808e-18
    8550.15  3.94480e-17 -9.90000e+01  3.65179e-18
    8551.67  4.08420e-17 -9.90000e+01  3.64772e-18
    8553.20  4.17920e-17 -9.90000e+01  3.64718e-18
    8554.73  4.57170e-17 -9.90000e+01  3.64965e-18
    8556.25  4.38460e-17 -9.90000e+01  3.64933e-18
    8557.77  4.18490e-17 -9.90000e+01  3.64591e-18
    8559.30  4.28630e-17 -9.90000e+01  3.64299e-18
    8560.83  3.98050e-17 -9.90000e+01  3.64115e-18
    8562.35  3.92810e-17 -9.90000e+01  3.63670e-18
    8563.88  4.73140e-17 -9.90000e+01  3.63418e-18
    8565.40  4.87830e-17 -9.90000e+01  3.63191e-18
    8566.92  4.65580e-17 -9.90000e+01  3.63045e-18
    8568.45  4.62630e-17 -9.90000e+01  3.62995e-18
    8569.98  4.52500e-17 -9.90000e+01  3.62720e-18
    8571.50  4.51510e-17 -9.90000e+01  3.62561e-18
    8573.02  4.33050e-17 -9.90000e+01  3.62278e-18
    8574.55  4.15300e-17 -9.90000e+01  3.61949e-18
    8576.08  3.99650e-17 -9.90000e+01  3.61794e-18
    8577.60  4.03450e-17 -9.90000e+01  3.61588e-18
    8579.12  4.28630e-17 -9.90000e+01  3.61245e-18
    8580.65  4.40940e-17 -9.90000e+01  3.60954e-18
    8582.17  4.84850e-17 -9.90000e+01  3.60793e-18
    8583.70  5.15710e-17 -9.90000e+01  3.60666e-18
    8585.23  5.12710e-17 -9.90000e+01  3.60630e-18
    8586.75  4.81180e-17 -9.90000e+01  3.60595e-18
    8588.27  4.41550e-17 -9.90000e+01  3.60657e-18
    8589.80  4.09530e-17 -9.90000e+01  3.60860e-18
    8591.33  4.35130e-17 -9.90000e+01  3.61076e-18
    8592.85  4.61790e-17 -9.90000e+01  3.61396e-18
    8594.38  4.69900e-17 -9.90000e+01  3.61553e-18
    8595.90  4.59820e-17 -9.90000e+01  3.61535e-18
    8597.42  4.14470e-17 -9.90000e+01  3.61489e-18
    8598.95  4.01280e-17 -9.90000e+01  3.61451e-18
    8600.48  4.54710e-17 -9.90000e+01  3.61092e-18
    8602.00  5.21460e-17 -9.90000e+01  3.60482e-18
    8603.52  5.20620e-17 -9.90000e+01  3.59879e-18
    8605.05  4.65650e-17 -9.90000e+01  3.59493e-18
    8606.58  4.17300e-17 -9.90000e+01  3.59588e-18
    8608.10  4.12770e-17 -9.90000e+01  3.59604e-18
    8609.62  4.32950e-17 -9.90000e+01  3.59357e-18
    8611.15  4.79240e-17 -9.90000e+01  3.58944e-18
    8612.67  4.85460e-17 -9.90000e+01  3.58675e-18
    8614.20  4.79570e-17 -9.90000e+01  3.58835e-18
    8615.73  5.14800e-17 -9.90000e+01  3.58935e-18
    8617.25  4.70200e-17 -9.90000e+01  3.58899e-18
    8618.77  4.18060e-17 -9.90000e+01  3.58857e-18
    8620.30  4.66290e-17 -9.90000e+01  3.58913e-18
    8621.83  4.85170e-17 -9.90000e+01  3.58765e-18
    8623.35  4.28960e-17 -9.90000e+01  3.59309e-18
    8624.88  4.61140e-17 -9.90000e+01  3.61526e-18
    8626.40  5.28460e-17 -9.90000e+01  3.65821e-18
    8627.92  5.19310e-17 -9.90000e+01  3.71755e-18
    8629.45  5.49180e-17 -9.90000e+01  3.78611e-18
    8630.98  5.35260e-17 -9.90000e+01  3.83687e-18
    8632.50  5.08470e-17 -9.90000e+01  3.85916e-18
    8634.02  5.30960e-17 -9.90000e+01  3.85976e-18
    8635.55  5.33240e-17 -9.90000e+01  3.88439e-18
    8637.07  5.34980e-17 -9.90000e+01  3.90850e-18
    8638.60  5.34190e-17 -9.90000e+01  3.91306e-18
    8640.12  5.14840e-17 -9.90000e+01  3.89968e-18
    8641.65  4.69830e-17 -9.90000e+01  3.88837e-18
    8643.17  4.53460e-17 -9.90000e+01  3.86597e-18
    8644.70  4.49470e-17 -9.90000e+01  3.83097e-18
    8646.23  4.36870e-17 -9.90000e+01  3.81802e-18
    8647.75  4.68210e-17 -9.90000e+01  3.85773e-18
    8649.27  5.54700e-17 -9.90000e+01  3.91796e-18
    8650.80  5.60840e-17 -9.90000e+01  3.93902e-18
    8652.32  5.14650e-17 -9.90000e+01  3.93306e-18
    8653.85  5.06570e-17 -9.90000e+01  3.90135e-18
    8655.38  4.87390e-17 -9.90000e+01  3.83130e-18
    8656.90  4.69790e-17 -9.90000e+01  3.72851e-18
    8658.42  4.81980e-17 -9.90000e+01  3.68118e-18
    8659.95  4.80900e-17 -9.90000e+01  3.68999e-18
    8661.48  4.27190e-17 -9.90000e+01  3.72280e-18
    8663.00  4.20310e-17 -9.90000e+01  3.73046e-18
    8664.52  4.88080e-17 -9.90000e+01  3.73237e-18
    8666.05  5.08820e-17 -9.90000e+01  3.72831e-18
    8667.58  4.68340e-17 -9.90000e+01  3.70682e-18
    8669.10  4.76020e-17 -9.90000e+01  3.66938e-18
    8670.62  4.86920e-17 -9.90000e+01  3.63880e-18
    8672.15  4.70810e-17 -9.90000e+01  3.63238e-18
    8673.67  4.69230e-17 -9.90000e+01  3.63384e-18
    8675.20  4.34570e-17 -9.90000e+01  3.63336e-18
    8676.73  4.35970e-17 -9.90000e+01  3.62755e-18
    8678.25  4.88660e-17 -9.90000e+01  3.62112e-18
    8679.77  5.26470e-17 -9.90000e+01  3.62060e-18
    8681.30  4.75090e-17 -9.90000e+01  3.62157e-18
    8682.83  4.80320e-17 -9.90000e+01  3.62177e-18
    8684.35  5.23150e-17 -9.90000e+01  3.62392e-18
    8685.88  5.04390e-17 -9.90000e+01  3.62712e-18
    8687.40  4.32530e-17 -9.90000e+01  3.63316e-18
    8688.92  4.91950e-17 -9.90000e+01  3.64111e-18
    8690.45  5.15890e-17 -9.90000e+01  3.64828e-18
    8691.98  4.54990e-17 -9.90000e+01  3.66254e-18
    8693.50  4.25250e-17 -9.90000e+01  3.74851e-18
    8695.02  4.77520e-17 -9.90000e+01  3.93145e-18
    8696.55  5.15340e-17 -9.90000e+01  4.10402e-18
    8698.08  5.13080e-17 -9.90000e+01  4.18001e-18
    8699.60  4.80110e-17 -9.90000e+01  4.19799e-18
    8701.12  4.99440e-17 -9.90000e+01  4.20063e-18
    8702.65  5.31900e-17 -9.90000e+01  4.15399e-18
    8704.17  5.39980e-17 -9.90000e+01  4.06198e-18
    8705.70  5.19840e-17 -9.90000e+01  3.97777e-18
    8707.23  4.99080e-17 -9.90000e+01  3.94381e-18
    8708.75  5.36340e-17 -9.90000e+01  3.93963e-18
    8710.27  5.43980e-17 -9.90000e+01  3.92730e-18
    8711.80  4.83430e-17 -9.90000e+01  3.88470e-18
    8713.33  4.84700e-17 -9.90000e+01  3.79910e-18
    8714.85  5.42060e-17 -9.90000e+01  3.75975e-18
    8716.38  5.64500e-17 -9.90000e+01  3.77040e-18
    8717.90  5.53000e-17 -9.90000e+01  3.80472e-18
    8719.42  5.06640e-17 -9.90000e+01  3.82661e-18
    8720.95  5.21080e-17 -9.90000e+01  3.82865e-18
    8722.48  5.61310e-17 -9.90000e+01  3.82233e-18
    8724.00  5.46890e-17 -9.90000e+01  3.79801e-18
    8725.52  5.36440e-17 -9.90000e+01  3.76214e-18
    8727.05  5.35890e-17 -9.90000e+01  3.72907e-18
    8728.58  5.31640e-17 -9.90000e+01  3.71804e-18
    8730.10  5.18820e-17 -9.90000e+01  3.71961e-18
    8731.62  5.11740e-17 -9.90000e+01  3.72847e-18
    8733.15  5.06770e-17 -9.90000e+01  3.75865e-18
    8734.67  5.15620e-17 -9.90000e+01  3.82493e-18
    8736.20  5.24450e-17 -9.90000e+01  3.89144e-18
    8737.73  4.89730e-17 -9.90000e+01  3.92301e-18
    8739.25  5.09290e-17 -9.90000e+01  3.93411e-18
    8740.77  5.56550e-17 -9.90000e+01  3.93480e-18
    8742.30  5.51560e-17 -9.90000e+01  3.90857e-18
    8743.83  5.37530e-17 -9.90000e+01  3.85251e-18
    8745.35  5.38210e-17 -9.90000e+01  3.80358e-18
    8746.88  5.61670e-17 -9.90000e+01  3.77907e-18
    8748.40  5.61470e-17 -9.90000e+01  3.77652e-18
    8749.92  5.86650e-17 -9.90000e+01  3.78660e-18
    8751.45  5.94710e-17 -9.90000e+01  3.89992e-18
    8752.98  5.70310e-17 -9.90000e+01  4.07854e-18
    8754.50  5.81510e-17 -9.90000e+01  4.22443e-18
    8756.02  5.84700e-17 -9.90000e+01  4.24042e-18
    8757.55  5.70920e-17 -9.90000e+01  4.23270e-18
    8759.08  5.58270e-17 -9.90000e+01  4.21339e-18
    8760.60  6.05230e-17 -9.90000e+01  4.12983e-18
    8762.12  5.36550e-17 -9.90000e+01  3.98869e-18
    8763.65  5.16750e-17 -9.90000e+01  3.87196e-18
    8765.17  5.93320e-17 -9.90000e+01  3.82761e-18
    8766.70  6.21870e-17 -9.90000e+01  3.82859e-18
    8768.23  6.01100e-17 -9.90000e+01  3.87408e-18
    8769.75  4.65180e-17 -9.90000e+01  3.95650e-18
    8771.27  4.61470e-17 -9.90000e+01  4.02425e-18
    8772.80  5.94790e-17 -9.90000e+01  4.05176e-18
    8774.33  6.06620e-17 -9.90000e+01  4.06439e-18
    8775.85  5.65200e-17 -9.90000e+01  4.06241e-18
    8777.38  6.02760e-17 -9.90000e+01  4.02866e-18
    8778.90  5.31570e-17 -9.90000e+01  3.95038e-18
    8780.42  5.08710e-17 -9.90000e+01  3.89695e-18
    8781.95  5.57180e-17 -9.90000e+01  3.89246e-18
    8783.48  5.68170e-17 -9.90000e+01  3.96743e-18
    8785.00  5.39080e-17 -9.90000e+01  4.13810e-18
    8786.52  6.18200e-17 -9.90000e+01  4.28509e-18
    8788.05  6.49880e-17 -9.90000e+01  4.35516e-18
    8789.58  6.04150e-17 -9.90000e+01  4.37769e-18
    8791.10  5.86680e-17 -9.90000e+01  4.37513e-18
    8792.62  5.24250e-17 -9.90000e+01  4.32863e-18
    8794.15  5.75350e-17 -9.90000e+01  4.17377e-18
    8795.67  6.12490e-17 -9.90000e+01  4.03675e-18
    8797.20  6.10640e-17 -9.90000e+01  3.96242e-18
    8798.73  6.01400e-17 -9.90000e+01  3.94242e-18
    8800.25  6.02190e-17 -9.90000e+01  3.93841e-18
    8801.77  6.21670e-17 -9.90000e+01  3.94028e-18
    8803.30  6.04780e-17 -9.90000e+01  3.94363e-18
    8804.83  5.78480e-17 -9.90000e+01  3.95063e-18
    8806.35  6.12480e-17 -9.90000e+01  3.96778e-18
    8807.88  6.15690e-17 -9.90000e+01  4.04403e-18
    8809.40  5.95870e-17 -9.90000e+01  4.11499e-18
    8810.92  5.71960e-17 -9.90000e+01  4.16063e-18
    8812.45  5.88300e-17 -9.90000e+01  4.18065e-18
    8813.98  6.22820e-17 -9.90000e+01  4.18694e-18
    8815.50  6.34210e-17 -9.90000e+01  4.16894e-18
    8817.02  6.21340e-17 -9.90000e+01  4.11036e-18
    8818.55  6.05240e-17 -9.90000e+01  4.05283e-18
    8820.08  6.00190e-17 -9.90000e+01  4.05296e-18
    8821.60  6.39030e-17 -9.90000e+01  4.18655e-18
    8823.12  7.69240e-17 -9.90000e+01  4.31391e-18
    8824.65  8.59710e-17 -9.90000e+01  4.38658e-18
    8826.17  8.11740e-17 -9.90000e+01  4.41277e-18
    8827.70  6.87510e-17 -9.90000e+01  4.42163e-18
    8829.23  6.75670e-17 -9.90000e+01  4.38787e-18
    8830.75  6.77250e-17 -9.90000e+01  4.27979e-18
    8832.27  6.58870e-17 -9.90000e+01  4.16798e-18
    8833.80  6.94950e-17 -9.90000e+01  4.10105e-18
    8835.33  6.89240e-17 -9.90000e+01  4.08935e-18
    8836.85  6.84350e-17 -9.90000e+01  4.08680e-18
    8838.38  6.33470e-17 -9.90000e+01  4.08893e-18
    8839.90  6.02600e-17 -9.90000e+01  4.09008e-18
    8841.42  6.47010e-17 -9.90000e+01  4.08837e-18
    8842.95  6.24320e-17 -9.90000e+01  4.08576e-18
    8844.48  6.34380e-17 -9.90000e+01  4.08779e-18
    8846.00  6.97020e-17 -9.90000e+01  4.09214e-18
    8847.52  6.95950e-17 -9.90000e+01  4.09701e-18
    8849.05  6.92140e-17 -9.90000e+01  4.10747e-18
    8850.58  6.52980e-17 -9.90000e+01  4.14894e-18
    8852.10  5.52930e-17 -9.90000e+01  4.20755e-18
    8853.62  5.46080e-17 -9.90000e+01  4.25219e-18
    8855.15  6.34180e-17 -9.90000e+01  4.27376e-18
    8856.67  7.04030e-17 -9.90000e+01  4.28323e-18
    8858.20  6.80530e-17 -9.90000e+01  4.27902e-18
    8859.73  6.27100e-17 -9.90000e+01  4.24345e-18
    8861.25  6.46000e-17 -9.90000e+01  4.22548e-18
    8862.77  6.82090e-17 -9.90000e+01  4.25992e-18
    8864.30  7.32390e-17 -9.90000e+01  4.35008e-18
    8865.83  7.63180e-17 -9.90000e+01  4.40251e-18
    8867.35  7.14260e-17 -9.90000e+01  4.42357e-18
    8868.88  6.44900e-17 -9.90000e+01  4.42548e-18
    8870.40  6.84670e-17 -9.90000e+01  4.40468e-18
    8871.92  7.01200e-17 -9.90000e+01  4.34153e-18
    8873.45  6.85480e-17 -9.90000e+01  4.25673e-18
    8874.98  6.76210e-17 -9.90000e+01  4.20415e-18
    8876.50  6.67270e-17 -9.90000e+01  4.18788e-18
    8878.02  6.49390e-17 -9.90000e+01  4.18860e-18
    8879.55  6.47680e-17 -9.90000e+01  4.19167e-18
    8881.08  7.50250e-17 -9.90000e+01  4.19648e-18
    8882.60  7.21800e-17 -9.90000e+01  4.19978e-18
    8884.12  5.47990e-17 -9.90000e+01  4.20202e-18
    8885.65  6.66080e-17 -9.90000e+01  4.20538e-18
    8887.17  8.15610e-17 -9.90000e+01  4.20655e-18
    8888.70  7.31880e-17 -9.90000e+01  4.20659e-18
    8890.23  6.78850e-17 -9.90000e+01  4.20574e-18
    8891.75  6.57130e-17 -9.90000e+01  4.20610e-18
    8893.27  6.50080e-17 -9.90000e+01  4.21123e-18
    8894.80  6.61830e-17 -9.90000e+01  4.21195e-18
    8896.33  6.97300e-17 -9.90000e+01  4.21295e-18
    8897.85  7.06400e-17 -9.90000e+01  4.22865e-18
    8899.38  6.69420e-17 -9.90000e+01  4.25949e-18
    8900.90  6.24850e-17 -9.90000e+01  4.28263e-18
    8902.42  6.44390e-17 -9.90000e+01  4.29386e-18
    8903.95  6.73410e-17 -9.90000e+01  4.29919e-18
    8905.48  6.29930e-17 -9.90000e+01  4.29558e-18
    8907.00  6.25120e-17 -9.90000e+01  4.28244e-18
    8908.52  6.36220e-17 -9.90000e+01  4.28679e-18
    8910.05  6.79980e-17 -9.90000e+01  4.32000e-18
    8911.58  6.85830e-17 -9.90000e+01  4.35177e-18
    8913.10  5.96850e-17 -9.90000e+01  4.36662e-18
    8914.62  5.94880e-17 -9.90000e+01  4.37230e-18
    8916.15  6.42080e-17 -9.90000e+01  4.36656e-18
    8917.67  5.69130e-17 -9.90000e+01  4.33052e-18
    8919.20  7.21970e-17 -9.90000e+01  4.28343e-18
    8920.73  7.75770e-17 -9.90000e+01  4.25202e-18
    8922.25  7.13380e-17 -9.90000e+01  4.23913e-18
    8923.77  7.65170e-17 -9.90000e+01  4.23224e-18
    8925.30  7.49320e-17 -9.90000e+01  4.22856e-18
    8926.83  7.15970e-17 -9.90000e+01  4.22663e-18
    8928.35  7.20400e-17 -9.90000e+01  4.22529e-18
    8929.88  7.05950e-17 -9.90000e+01  4.22556e-18
    8931.40  7.07220e-17 -9.90000e+01  4.22304e-18
    8932.92  7.42340e-17 -9.90000e+01  4.22281e-18
    8934.45  7.39070e-17 -9.90000e+01  4.22658e-18
    8935.98  7.23400e-17 -9.90000e+01  4.23082e-18
    8937.50  7.17780e-17 -9.90000e+01  4.23378e-18
    8939.02  7.46170e-17 -9.90000e+01  4.23622e-18
    8940.55  7.70760e-17 -9.90000e+01  4.23721e-18
    8942.08  7.47650e-17 -9.90000e+01  4.23664e-18
    8943.60  7.74170e-17 -9.90000e+01  4.23598e-18
    8945.12  7.28640e-17 -9.90000e+01  4.23213e-18
    8946.65  7.16170e-17 -9.90000e+01  4.22377e-18
    8948.17  7.44740e-17 -9.90000e+01  4.21834e-18
    8949.70  6.97470e-17 -9.90000e+01  4.22356e-18
    8951.23  6.96920e-17 -9.90000e+01  4.23722e-18
    8952.75  8.31480e-17 -9.90000e+01  4.24728e-18
    8954.27  8.78970e-17 -9.90000e+01  4.25224e-18
    8955.80  8.46100e-17 -9.90000e+01  4.25292e-18
    8957.33  7.24900e-17 -9.90000e+01  4.25013e-18
    8958.85  5.14400e-17 -9.90000e+01  4.24769e-18
    8960.38  5.71130e-17 -9.90000e+01  4.25174e-18
    8961.90  7.05040e-17 -9.90000e+01  4.25822e-18
    8963.42  6.87440e-17 -9.90000e+01  4.26232e-18
    8964.95  6.78570e-17 -9.90000e+01  4.26282e-18
    8966.48  6.95880e-17 -9.90000e+01  4.25853e-18
    8968.00  6.83760e-17 -9.90000e+01  4.24143e-18
    8969.52  6.62410e-17 -9.90000e+01  4.21952e-18
    8971.05  6.94310e-17 -9.90000e+01  4.20292e-18
    8972.58  7.15730e-17 -9.90000e+01  4.19967e-18
    8974.10  7.11770e-17 -9.90000e+01  4.20168e-18
    8975.63  6.77270e-17 -9.90000e+01  4.20516e-18
    8977.15  7.00380e-17 -9.90000e+01  4.21274e-18
    8978.67  6.66070e-17 -9.90000e+01  4.22754e-18
    8980.20  6.32480e-17 -9.90000e+01  4.24609e-18
    8981.73  7.27890e-17 -9.90000e+01  4.26818e-18
    8983.25  8.08050e-17 -9.90000e+01  4.29329e-18
    8984.77  7.94150e-17 -9.90000e+01  4.32092e-18
    8986.30  6.44900e-17 -9.90000e+01  4.34952e-18
    8987.83  6.33750e-17 -9.90000e+01  4.37355e-18
    8989.35  6.40090e-17 -9.90000e+01  4.39975e-18
    8990.87  6.21990e-17 -9.90000e+01  4.42600e-18
    8992.40  6.81130e-17 -9.90000e+01  4.44781e-18
    8993.92  6.83260e-17 -9.90000e+01  4.46377e-18
    8995.45  6.88370e-17 -9.90000e+01  4.47213e-18
    8996.98  7.58290e-17 -9.90000e+01  4.48030e-18
    8998.50  7.12170e-17 -9.90000e+01  4.48323e-18
    9000.02  6.71770e-17 -9.90000e+01  4.47480e-18
    9001.55  7.13380e-17 -9.90000e+01  4.45897e-18
    9003.08  7.06360e-17 -9.90000e+01  4.43797e-18
    9004.60  6.47420e-17 -9.90000e+01  4.41302e-18
    9006.12  6.84170e-17 -9.90000e+01  4.38340e-18
    9007.65  7.08320e-17 -9.90000e+01  4.34826e-18
    9009.17  6.41510e-17 -9.90000e+01  4.30354e-18
    9010.70  6.17390e-17 -9.90000e+01  4.26439e-18
    9012.23  6.36150e-17 -9.90000e+01  4.23554e-18
    9013.75  6.73950e-17 -9.90000e+01  4.22240e-18
    9015.27  6.92900e-17 -9.90000e+01  4.23052e-18
    9016.80  6.73530e-17 -9.90000e+01  4.25943e-18
    9018.33  6.42360e-17 -9.90000e+01  4.28979e-18
    9019.85  6.70610e-17 -9.90000e+01  4.32149e-18
    9021.38  6.97110e-17 -9.90000e+01  4.35377e-18
    9022.90  6.88850e-17 -9.90000e+01  4.37454e-18
    9024.42  6.36390e-17 -9.90000e+01  4.37813e-18
    9025.95  5.96600e-17 -9.90000e+01  4.38587e-18
    9027.48  5.80580e-17 -9.90000e+01  4.39053e-18
    9029.00  5.86300e-17 -9.90000e+01  4.37962e-18
    9030.52  6.09040e-17 -9.90000e+01  4.37088e-18
    9032.05  5.93190e-17 -9.90000e+01  4.37504e-18
    9033.58  6.53330e-17 -9.90000e+01  4.36040e-18
    9035.10  6.51190e-17 -9.90000e+01  4.33535e-18
    9036.62  6.01230e-17 -9.90000e+01  4.32957e-18
    9038.15  6.10660e-17 -9.90000e+01  4.32369e-18
    9039.67  6.24870e-17 -9.90000e+01  4.29491e-18
    9041.20  6.20310e-17 -9.90000e+01  4.27015e-18
    9042.73  6.51790e-17 -9.90000e+01  4.26152e-18
    9044.25  7.10650e-17 -9.90000e+01  4.24260e-18
    9045.77  6.95500e-17 -9.90000e+01  4.20653e-18
    9047.30  7.23890e-17 -9.90000e+01  4.18759e-18
    9048.83  7.41610e-17 -9.90000e+01  4.17733e-18
    9050.35  6.26220e-17 -9.90000e+01  4.15848e-18
    9051.88  5.55660e-17 -9.90000e+01  4.12622e-18
    9053.40  5.70660e-17 -9.90000e+01  4.11079e-18
    9054.92  5.96650e-17 -9.90000e+01  4.09869e-18
    9056.45  6.12990e-17 -9.90000e+01  4.07869e-18
    9057.98  5.86780e-17 -9.90000e+01  4.05424e-18
    9059.50  5.99360e-17 -9.90000e+01  4.04316e-18
    9061.02  6.83700e-17 -9.90000e+01  4.03482e-18
    9062.55  6.70200e-17 -9.90000e+01  4.01971e-18
    9064.08  6.28500e-17 -9.90000e+01  4.00148e-18
    9065.60  6.44830e-17 -9.90000e+01  3.99208e-18
    9067.12  6.47290e-17 -9.90000e+01  3.98881e-18
    9068.65  6.38010e-17 -9.90000e+01  3.98367e-18
    9070.17  6.38320e-17 -9.90000e+01  3.97753e-18
    9071.70  6.44420e-17 -9.90000e+01  3.97345e-18
    9073.23  6.38050e-17 -9.90000e+01  3.97061e-18
    9074.75  6.43770e-17 -9.90000e+01  3.96626e-18
    9076.27  6.52260e-17 -9.90000e+01  3.96152e-18
    9077.80  6.47360e-17 -9.90000e+01  3.95589e-18
    9079.33  6.53970e-17 -9.90000e+01  3.94854e-18
    9080.85  6.17800e-17 -9.90000e+01  3.94043e-18
    9082.38  6.07910e-17 -9.90000e+01  3.93321e-18
    9083.90  6.43530e-17 -9.90000e+01  3.92400e-18
    9085.42  6.29090e-17 -9.90000e+01  3.91172e-18
    9086.95  6.34990e-17 -9.90000e+01  3.89888e-18
    9088.48  6.86810e-17 -9.90000e+01  3.89075e-18
    9090.00  6.65770e-17 -9.90000e+01  3.88646e-18
    9091.52  5.93240e-17 -9.90000e+01  3.88319e-18
    9093.05  6.41310e-17 -9.90000e+01  3.88019e-18
    9094.58  6.62480e-17 -9.90000e+01  3.87913e-18
    9096.10  6.36780e-17 -9.90000e+01  3.87902e-18
    9097.62  6.29820e-17 -9.90000e+01  3.87767e-18
    9099.15  5.99510e-17 -9.90000e+01  3.87548e-18
    9100.67  6.11930e-17 -9.90000e+01  3.87388e-18
    9102.20  6.55080e-17 -9.90000e+01  3.87372e-18
    9103.73  6.70100e-17 -9.90000e+01  3.87111e-18
    9105.25  6.56300e-17 -9.90000e+01  3.86516e-18
    9106.77  6.29810e-17 -9.90000e+01  3.85980e-18
    9108.30  6.14300e-17 -9.90000e+01  3.85986e-18
    9109.83  5.71320e-17 -9.90000e+01  3.86180e-18
    9111.35  6.29400e-17 -9.90000e+01  3.86507e-18
    9112.88  6.61800e-17 -9.90000e+01  3.86552e-18
    9114.40  6.49440e-17 -9.90000e+01  3.86357e-18
    9115.92  6.43580e-17 -9.90000e+01  3.86274e-18
    9117.45  6.21740e-17 -9.90000e+01  3.86085e-18
    9118.98  6.17120e-17 -9.90000e+01  3.86064e-18
    9120.50  6.17920e-17 -9.90000e+01  3.85987e-18
    9122.02  6.09050e-17 -9.90000e+01  3.85745e-18
    9123.55  6.01360e-17 -9.90000e+01  3.85636e-18
    9125.08  5.97570e-17 -9.90000e+01  3.85355e-18
    9126.60  6.25260e-17 -9.90000e+01  3.85508e-18
    9128.12  7.39570e-17 -9.90000e+01  3.88126e-18
    9129.65  7.66760e-17 -9.90000e+01  3.94498e-18
    9131.17  6.68690e-17 -9.90000e+01  4.05043e-18
    9132.70  6.34420e-17 -9.90000e+01  4.15748e-18
    9134.23  6.33350e-17 -9.90000e+01  4.22562e-18
    9135.75  6.38250e-17 -9.90000e+01  4.26120e-18
    9137.27  6.18100e-17 -9.90000e+01  4.30562e-18
    9138.80  6.41790e-17 -9.90000e+01  4.36083e-18
    9140.33  6.54350e-17 -9.90000e+01  4.36633e-18
    9141.85  6.29620e-17 -9.90000e+01  4.34730e-18
    9143.38  6.33960e-17 -9.90000e+01  4.32513e-18
    9144.90  6.33070e-17 -9.90000e+01  4.29116e-18
    9146.42  6.44950e-17 -9.90000e+01  4.22782e-18
    9147.95  6.36900e-17 -9.90000e+01  4.19198e-18
    9149.48  5.51670e-17 -9.90000e+01  4.21878e-18
    9151.00  5.49690e-17 -9.90000e+01  4.28965e-18
    9152.52  6.33940e-17 -9.90000e+01  4.33181e-18
    9154.05  6.35160e-17 -9.90000e+01  4.34348e-18
    9155.58  6.58530e-17 -9.90000e+01  4.31290e-18
    9157.10  6.98970e-17 -9.90000e+01  4.22857e-18
    9158.62  6.34150e-17 -9.90000e+01  4.09445e-18
    9160.15  5.88070e-17 -9.90000e+01  3.98803e-18
    9161.67  6.45830e-17 -9.90000e+01  3.95791e-18
    9163.20  6.47050e-17 -9.90000e+01  3.98902e-18
    9164.73  6.72690e-17 -9.90000e+01  4.03489e-18
    9166.25  6.67430e-17 -9.90000e+01  4.05878e-18
    9167.77  5.56960e-17 -9.90000e+01  4.06957e-18
    9169.30  5.75480e-17 -9.90000e+01  4.06634e-18
    9170.83  6.63520e-17 -9.90000e+01  4.02818e-18
    9172.35  6.03870e-17 -9.90000e+01  3.96210e-18
    9173.88  5.83400e-17 -9.90000e+01  3.92168e-18
    9175.40  6.67070e-17 -9.90000e+01  3.89791e-18
    9176.92  6.58360e-17 -9.90000e+01  3.89008e-18
    9178.45  6.37480e-17 -9.90000e+01  3.89057e-18
    9179.98  6.37290e-17 -9.90000e+01  3.89231e-18
    9181.50  5.95570e-17 -9.90000e+01  3.89419e-18
    9183.02  5.84520e-17 -9.90000e+01  3.90477e-18
    9184.55  6.15570e-17 -9.90000e+01  3.91822e-18
    9186.08  6.24050e-17 -9.90000e+01  3.92803e-18
    9187.60  6.35990e-17 -9.90000e+01  3.93057e-18
    9189.12  6.77750e-17 -9.90000e+01  3.93424e-18
    9190.65  6.62870e-17 -9.90000e+01  3.92995e-18
    9192.17  5.98930e-17 -9.90000e+01  3.92413e-18
    9193.70  5.76720e-17 -9.90000e+01  3.92212e-18
    9195.23  6.01450e-17 -9.90000e+01  3.92720e-18
    9196.75  6.40010e-17 -9.90000e+01  3.93521e-18
    9198.27  6.48030e-17 -9.90000e+01  4.04869e-18
    9199.80  6.14780e-17 -9.90000e+01  4.25729e-18
    9201.33  5.84000e-17 -9.90000e+01  4.48775e-18
    9202.85  6.02410e-17 -9.90000e+01  4.61415e-18
    9204.38  6.25010e-17 -9.90000e+01  4.67291e-18
    9205.90  6.16820e-17 -9.90000e+01  4.69589e-18
    9207.42  6.05780e-17 -9.90000e+01  4.64862e-18
    9208.95  6.18790e-17 -9.90000e+01  4.52187e-18
    9210.48  6.31630e-17 -9.90000e+01  4.43510e-18
    9212.00  6.27070e-17 -9.90000e+01  4.39912e-18
    9213.52  6.24930e-17 -9.90000e+01  4.38640e-18
    9215.05  6.34560e-17 -9.90000e+01  4.37902e-18
    9216.58  6.33920e-17 -9.90000e+01  4.35951e-18
    9218.10  5.68500e-17 -9.90000e+01  4.27948e-18
    9219.62  5.77780e-17 -9.90000e+01  4.17919e-18
    9221.15  5.80280e-17 -9.90000e+01  4.10654e-18
    9222.67  5.50990e-17 -9.90000e+01  4.08529e-18
    9224.20  6.15120e-17 -9.90000e+01  4.11917e-18
    9225.73  6.44170e-17 -9.90000e+01  4.15524e-18
    9227.25  5.64800e-17 -9.90000e+01  4.17579e-18
    9228.77  5.73300e-17 -9.90000e+01  4.18508e-18
    9230.30  5.95280e-17 -9.90000e+01  4.18622e-18
    9231.83  6.03390e-17 -9.90000e+01  4.16112e-18
    9233.35  6.24540e-17 -9.90000e+01  4.12301e-18
    9234.88  6.37530e-17 -9.90000e+01  4.09547e-18
    9236.40  6.11460e-17 -9.90000e+01  4.08760e-18
    9237.92  5.58510e-17 -9.90000e+01  4.09680e-18
    9239.45  5.66120e-17 -9.90000e+01  4.10511e-18
    9240.98  5.50480e-17 -9.90000e+01  4.16192e-18
    9242.50  5.68140e-17 -9.90000e+01  4.24840e-18
    9244.02  6.14560e-17 -9.90000e+01  4.32661e-18
    9245.55  5.63520e-17 -9.90000e+01  4.36711e-18
    9247.08  5.59810e-17 -9.90000e+01  4.38492e-18
    9248.60  5.83900e-17 -9.90000e+01  4.38237e-18
    9250.12  5.48570e-17 -9.90000e+01  4.34294e-18
    9251.65  5.49120e-17 -9.90000e+01  4.27153e-18
    9253.17  5.40980e-17 -9.90000e+01  4.20855e-18
    9254.70  5.60550e-17 -9.90000e+01  4.17933e-18
    9256.23  5.84470e-17 -9.90000e+01  4.16973e-18
    9257.75  5.68930e-17 -9.90000e+01  4.17216e-18
    9259.27  5.67530e-17 -9.90000e+01  4.22094e-18
    9260.80  5.72500e-17 -9.90000e+01  4.39994e-18
    9262.33  5.13130e-17 -9.90000e+01  4.59339e-18
    9263.85  5.30430e-17 -9.90000e+01  4.70945e-18
    9265.38  5.50400e-17 -9.90000e+01  4.75808e-18
    9266.90  5.76190e-17 -9.90000e+01  4.78915e-18
    9268.42  5.87410e-17 -9.90000e+01  4.74314e-18
    9269.95  5.40470e-17 -9.90000e+01  4.61884e-18
    9271.48  5.10430e-17 -9.90000e+01  4.47370e-18
    9273.00  5.10480e-17 -9.90000e+01  4.36984e-18
    9274.52  5.31190e-17 -9.90000e+01  4.32132e-18
    9276.05  5.92040e-17 -9.90000e+01  4.30215e-18
    9277.58  6.17130e-17 -9.90000e+01  4.34402e-18
    9279.10  5.90060e-17 -9.90000e+01  4.43062e-18
    9280.62  5.11270e-17 -9.90000e+01  4.52576e-18
    9282.15  5.09950e-17 -9.90000e+01  4.57662e-18
    9283.67  5.78700e-17 -9.90000e+01  4.60826e-18
    9285.20  5.86640e-17 -9.90000e+01  4.61796e-18
    9286.73  5.71680e-17 -9.90000e+01  4.58800e-18
    9288.25  5.31330e-17 -9.90000e+01  4.51647e-18
    9289.77  5.30750e-17 -9.90000e+01  4.44519e-18
    9291.30  5.61720e-17 -9.90000e+01  4.40327e-18
    9292.83  5.39050e-17 -9.90000e+01  4.38951e-18
    9294.35  4.73170e-17 -9.90000e+01  4.44271e-18
    9295.88  4.37400e-17 -9.90000e+01  4.63342e-18
    9297.40  5.18750e-17 -9.90000e+01  4.83550e-18
    9298.92  5.63380e-17 -9.90000e+01  4.95517e-18
    9300.45  5.17580e-17 -9.90000e+01  5.01205e-18
    9301.98  5.82280e-17 -9.90000e+01  5.03398e-18
    9303.50  6.74600e-17 -9.90000e+01  4.98595e-18
    9305.02  5.82030e-17 -9.90000e+01  4.84497e-18
    9306.55  4.39160e-17 -9.90000e+01  4.69407e-18
    9308.08  4.98150e-17 -9.90000e+01  4.58302e-18
    9309.60  6.41340e-17 -9.90000e+01  4.53241e-18
    9311.12  5.57830e-17 -9.90000e+01  4.51300e-18
    9312.65  5.89450e-17 -9.90000e+01  4.50444e-18
    9314.18  7.60820e-17 -9.90000e+01  4.49904e-18
    9315.70  6.03570e-17 -9.90000e+01  4.49550e-18
    9317.23  6.40350e-17 -9.90000e+01  4.49820e-18
    9318.75  6.64340e-17 -9.90000e+01  4.52305e-18
    9320.27  4.97000e-17 -9.90000e+01  4.60283e-18
    9321.80  1.49040e-17 -9.90000e+01  4.69539e-18
    9323.33  3.02510e-17 -9.90000e+01  4.75924e-18
    9324.85  5.84600e-17 -9.90000e+01  4.78458e-18
    9326.38  4.88280e-17 -9.90000e+01  4.80501e-18
    9327.90  5.77300e-17 -9.90000e+01  4.78441e-18
    9329.43  5.60680e-17 -9.90000e+01  4.72398e-18
    9330.95  6.01420e-17 -9.90000e+01  4.65548e-18
    9332.48  5.98670e-17 -9.90000e+01  4.60378e-18
    9334.00  6.08020e-17 -9.90000e+01  4.64714e-18
    9335.52  5.43870e-17 -9.90000e+01  4.78800e-18
    9337.05  5.03310e-17 -9.90000e+01  4.95860e-18
    9338.58  4.68370e-17 -9.90000e+01  5.06367e-18
    9340.10  4.73480e-17 -9.90000e+01  5.11202e-18
    9341.62  4.99270e-17 -9.90000e+01  5.13598e-18
    9343.15  5.75530e-17 -9.90000e+01  5.08820e-18
    9344.68  5.34150e-17 -9.90000e+01  4.97059e-18
    9346.20  5.85260e-17 -9.90000e+01  4.83330e-18
    9347.73  5.78530e-17 -9.90000e+01  4.74738e-18
    9349.25  5.28040e-17 -9.90000e+01  4.70338e-18
    9350.77  5.27650e-17 -9.90000e+01  4.69066e-18
    9352.30  6.29170e-17 -9.90000e+01  4.69228e-18
    9353.83  6.64160e-17 -9.90000e+01  4.69317e-18
    9355.35  4.80770e-17 -9.90000e+01  4.69510e-18
    9356.88  4.06310e-17 -9.90000e+01  4.69813e-18
    9358.40  4.24020e-17 -9.90000e+01  4.70369e-18
    9359.92  4.77970e-17 -9.90000e+01  4.71234e-18
    9361.45  5.06710e-17 -9.90000e+01  4.72074e-18
    9362.98  5.65570e-17 -9.90000e+01  4.72991e-18
    9364.50  6.80920e-17 -9.90000e+01  4.74942e-18
    9366.02  7.02520e-17 -9.90000e+01  4.79274e-18
    9367.55  5.66610e-17 -9.90000e+01  4.85907e-18
    9369.08  5.00380e-17 -9.90000e+01  4.91399e-18
    9370.60  6.91830e-17 -9.90000e+01  4.94863e-18
    9372.12  8.08640e-17 -9.90000e+01  4.96847e-18
    9373.65  5.36630e-17 -9.90000e+01  4.96744e-18
    9375.17  4.77080e-17 -9.90000e+01  4.92402e-18
    9376.70  2.03210e-17 -9.90000e+01  4.86685e-18
    9378.23  3.33720e-17 -9.90000e+01  4.85427e-18
    9379.75  8.00210e-17 -9.90000e+01  4.91806e-18
    9381.27  6.26920e-17 -9.90000e+01  5.02717e-18
    9382.80  4.74140e-17 -9.90000e+01  5.10546e-18
    9384.33  4.85520e-17 -9.90000e+01  5.14632e-18
    9385.85  4.86930e-17 -9.90000e+01  5.16763e-18
    9387.38  4.44350e-17 -9.90000e+01  5.14779e-18
    9388.90  4.43940e-17 -9.90000e+01  5.06141e-18
    9390.42  4.86110e-17 -9.90000e+01  4.96521e-18
    9391.95  4.99910e-17 -9.90000e+01  4.89454e-18
    9393.48  4.85630e-17 -9.90000e+01  4.85671e-18
    9395.00  4.74950e-17 -9.90000e+01  4.84159e-18
    9396.52  5.65960e-17 -9.90000e+01  4.83684e-18
    9398.05  6.17530e-17 -9.90000e+01  4.83527e-18
    9399.58  5.49180e-17 -9.90000e+01  4.83713e-18
    9401.10  5.21610e-17 -9.90000e+01  4.84340e-18
    9402.62  4.90150e-17 -9.90000e+01  4.85277e-18
    9404.15  4.85000e-17 -9.90000e+01  4.86028e-18
    9405.67  5.20200e-17 -9.90000e+01  4.86712e-18
    9407.20  5.21280e-17 -9.90000e+01  4.87454e-18
    9408.73  5.63230e-17 -9.90000e+01  4.88280e-18
    9410.25  5.51760e-17 -9.90000e+01  4.89071e-18
    9411.77  5.04620e-17 -9.90000e+01  4.89691e-18
    9413.30  5.32200e-17 -9.90000e+01  4.89919e-18
    9414.83  5.91330e-17 -9.90000e+01  4.90061e-18
    9416.35  5.68880e-17 -9.90000e+01  4.91381e-18
    9417.88  5.03150e-17 -9.90000e+01  4.95218e-18
    9419.40  4.88700e-17 -9.90000e+01  4.99160e-18
    9420.92  4.09380e-17 -9.90000e+01  5.02124e-18
    9422.45  4.10180e-17 -9.90000e+01  5.03952e-18
    9423.98  5.07580e-17 -9.90000e+01  5.04437e-18
    9425.50  5.56210e-17 -9.90000e+01  5.03311e-18
    9427.02  5.72540e-17 -9.90000e+01  5.00233e-18
    9428.55  5.72420e-17 -9.90000e+01  5.01522e-18
    9430.08  5.22230e-17 -9.90000e+01  5.06589e-18
    9431.60  4.38720e-17 -9.90000e+01  5.12107e-18
    9433.12  4.48200e-17 -9.90000e+01  5.14772e-18
    9434.65  6.00900e-17 -9.90000e+01  5.16492e-18
    9436.17  6.78550e-17 -9.90000e+01  5.16087e-18
    9437.70  5.68330e-17 -9.90000e+01  5.12485e-18
    9439.23  5.65250e-17 -9.90000e+01  5.06457e-18
    9440.75  5.08270e-17 -9.90000e+01  5.02015e-18
    9442.27  5.64140e-17 -9.90000e+01  4.99541e-18
    9443.80  6.11600e-17 -9.90000e+01  4.98995e-18
    9445.33  4.33590e-17 -9.90000e+01  4.99289e-18
    9446.85  4.56790e-17 -9.90000e+01  4.98882e-18
    9448.38  5.38120e-17 -9.90000e+01  4.98915e-18
    9449.90  5.09920e-17 -9.90000e+01  4.99712e-18
    9451.42  5.37310e-17 -9.90000e+01  5.00529e-18
    9452.95  5.90230e-17 -9.90000e+01  5.00861e-18
    9454.48  5.41390e-17 -9.90000e+01  5.00834e-18
    9456.00  3.96880e-17 -9.90000e+01  5.00626e-18
    9457.52  5.22670e-17 -9.90000e+01  5.00188e-18
    9459.05  5.64480e-17 -9.90000e+01  4.99761e-18
    9460.58  5.20000e-17 -9.90000e+01  4.99529e-18
    9462.10  5.59770e-17 -9.90000e+01  4.99207e-18
    9463.62  5.29000e-17 -9.90000e+01  4.99365e-18
    9465.15  5.04780e-17 -9.90000e+01  4.99757e-18
    9466.67  5.34980e-17 -9.90000e+01  5.00138e-18
    9468.20  5.27490e-17 -9.90000e+01  5.00451e-18
    9469.73  4.99620e-17 -9.90000e+01  5.00635e-18
    9471.25  4.94130e-17 -9.90000e+01  5.01098e-18
    9472.77  5.70930e-17 -9.90000e+01  5.02816e-18
    9474.30  5.24350e-17 -9.90000e+01  5.05614e-18
    9475.83  6.09100e-17 -9.90000e+01  5.07908e-18
    9477.35  6.20450e-17 -9.90000e+01  5.09170e-18
    9478.88  5.28500e-17 -9.90000e+01  5.09853e-18
    9480.40  6.14960e-17 -9.90000e+01  5.09519e-18
    9481.92  5.40070e-17 -9.90000e+01  5.08379e-18
    9483.45  4.42260e-17 -9.90000e+01  5.08764e-18
    9484.98  4.86970e-17 -9.90000e+01  5.11209e-18
    9486.50  4.26360e-17 -9.90000e+01  5.13353e-18
    9488.02  4.16640e-17 -9.90000e+01  5.14327e-18
    9489.55  4.27760e-17 -9.90000e+01  5.14401e-18
    9491.08  4.75050e-17 -9.90000e+01  5.12890e-18
    9492.60  5.31660e-17 -9.90000e+01  5.09606e-18
    9494.12  5.11690e-17 -9.90000e+01  5.06443e-18
    9495.65  4.79860e-17 -9.90000e+01  5.04388e-18
    9497.17  4.74610e-17 -9.90000e+01  5.03532e-18
    9498.70  5.59500e-17 -9.90000e+01  5.03390e-18
    9500.23  6.58770e-17 -9.90000e+01  5.03214e-18
    9501.75  6.03460e-17 -9.90000e+01  5.02898e-18
    9503.27  4.97600e-17 -9.90000e+01  5.02617e-18
    9504.80  4.61410e-17 -9.90000e+01  5.02430e-18
    9506.33  4.93870e-17 -9.90000e+01  5.02373e-18
    9507.85  5.26250e-17 -9.90000e+01  5.02565e-18
    9509.38  5.19000e-17 -9.90000e+01  5.02982e-18
    9510.90  5.73300e-17 -9.90000e+01  5.03399e-18
    9512.42  6.13880e-17 -9.90000e+01  5.03202e-18
    9513.95  5.72210e-17 -9.90000e+01  5.02851e-18
    9515.48  5.98970e-17 -9.90000e+01  5.02870e-18
    9517.00  5.91850e-17 -9.90000e+01  5.03293e-18
    9518.52  4.83390e-17 -9.90000e+01  5.03782e-18
    9520.05  4.81920e-17 -9.90000e+01  5.04192e-18
    9521.58  5.11220e-17 -9.90000e+01  5.04270e-18
    9523.10  4.87430e-17 -9.90000e+01  5.04356e-18
    9524.62  5.34120e-17 -9.90000e+01  5.04446e-18
    9526.15  5.84250e-17 -9.90000e+01  5.04173e-18
    9527.67  5.14700e-17 -9.90000e+01  5.04353e-18
    9529.20  4.60410e-17 -9.90000e+01  5.04402e-18
    9530.73  4.86010e-17 -9.90000e+01  5.04381e-18
    9532.25  5.14550e-17 -9.90000e+01  5.04938e-18
    9533.77  4.87270e-17 -9.90000e+01  5.06851e-18
    9535.30  4.09230e-17 -9.90000e+01  5.09034e-18
    9536.83  3.95680e-17 -9.90000e+01  5.10541e-18
    9538.35  4.87810e-17 -9.90000e+01  5.11389e-18
    9539.88  5.59320e-17 -9.90000e+01  5.11973e-18
    9541.40  5.44740e-17 -9.90000e+01  5.12239e-18
    9542.92  4.94620e-17 -9.90000e+01  5.12482e-18
    9544.45  4.83630e-17 -9.90000e+01  5.12971e-18
    9545.98  4.95180e-17 -9.90000e+01  5.13456e-18
    9547.50  4.72930e-17 -9.90000e+01  5.13482e-18
    9549.02  4.49250e-17 -9.90000e+01  5.13019e-18
    9550.55  4.43760e-17 -9.90000e+01  5.11541e-18
    9552.08  5.32710e-17 -9.90000e+01  5.09264e-18
    9553.60  5.46940e-17 -9.90000e+01  5.07136e-18
    9555.12  5.44130e-17 -9.90000e+01  5.06418e-18
    9556.65  5.87280e-17 -9.90000e+01  5.06147e-18
    9558.17  4.67910e-17 -9.90000e+01  5.06098e-18
    9559.70  4.17890e-17 -9.90000e+01  5.06049e-18
    9561.23  5.24900e-17 -9.90000e+01  5.05893e-18
    9562.75  6.21280e-17 -9.90000e+01  5.05659e-18
    9564.27  5.88260e-17 -9.90000e+01  5.05712e-18
    9565.80  6.06560e-17 -9.90000e+01  5.06012e-18
    9567.33  7.14230e-17 -9.90000e+01  5.06240e-18
    9568.85  5.48270e-17 -9.90000e+01  5.06103e-18
    9570.38  4.83040e-17 -9.90000e+01  5.05931e-18
    9571.90  5.48580e-17 -9.90000e+01  5.06026e-18
    9573.42  4.97420e-17 -9.90000e+01  5.06102e-18
    9574.95  4.83050e-17 -9.90000e+01  5.06041e-18
    9576.48  5.15920e-17 -9.90000e+01  5.05990e-18
    9578.00  5.14290e-17 -9.90000e+01  5.06243e-18
    9579.52  4.65460e-17 -9.90000e+01  5.06483e-18
    9581.05  4.63140e-17 -9.90000e+01  5.06575e-18
    9582.58  5.07060e-17 -9.90000e+01  5.06627e-18
    9584.10  5.88620e-17 -9.90000e+01  5.06897e-18
    9585.62  6.07150e-17 -9.90000e+01  5.07202e-18
    9587.15  5.58000e-17 -9.90000e+01  5.07450e-18
    9588.67  5.27880e-17 -9.90000e+01  5.07681e-18
    9590.20  5.04340e-17 -9.90000e+01  5.07952e-18
    9591.73  4.60030e-17 -9.90000e+01  5.08202e-18
    9593.25  5.16020e-17 -9.90000e+01  5.09113e-18
    9594.77  5.30850e-17 -9.90000e+01  5.09393e-18
    9596.30  5.40560e-17 -9.90000e+01  5.09396e-18
    9597.83  5.85990e-17 -9.90000e+01  5.10625e-18
    9599.35  5.35770e-17 -9.90000e+01  5.12420e-18
    9600.88  5.17820e-17 -9.90000e+01  5.08998e-18
    9602.40  6.12080e-17 -9.90000e+01  5.09238e-18
    9603.92  5.72570e-17 -9.90000e+01  5.09484e-18
    9605.45  4.90640e-17 -9.90000e+01  5.09736e-18
    9606.98  4.73280e-17 -9.90000e+01  5.09995e-18
    9608.50  5.28030e-17 -9.90000e+01  5.10259e-18
    9610.02  5.48580e-17 -9.90000e+01  5.10530e-18
    9611.55  5.23430e-17 -9.90000e+01  5.10808e-18
    9613.08  5.28890e-17 -9.90000e+01  5.11092e-18
    9614.60  5.58760e-17 -9.90000e+01  5.11382e-18
    9616.12  6.12890e-17 -9.90000e+01  5.11679e-18
    9617.65  6.00420e-17 -9.90000e+01  5.11982e-18
    9619.17  5.54870e-17 -9.90000e+01  5.12293e-18
    9620.70  4.81810e-17 -9.90000e+01  5.12609e-18
    9622.23  4.52470e-17 -9.90000e+01  5.12933e-18
    9623.75  4.90320e-17 -9.90000e+01  5.13263e-18
    9625.27  5.28900e-17 -9.90000e+01  5.13601e-18
    9626.80  5.20960e-17 -9.90000e+01  5.13945e-18
    9628.33  5.22410e-17 -9.90000e+01  5.14296e-18
    9629.85  5.52220e-17 -9.90000e+01  5.14654e-18
    9631.38  5.31890e-17 -9.90000e+01  5.15019e-18
    9632.90  5.10390e-17 -9.90000e+01  5.15391e-18
    9634.42  5.07070e-17 -9.90000e+01  5.15770e-18
    9635.95  5.16260e-17 -9.90000e+01  5.16156e-18
    9637.48  5.23230e-17 -9.90000e+01  5.16549e-18
    9639.00  5.12570e-17 -9.90000e+01  5.16950e-18
    9640.52  5.32470e-17 -9.90000e+01  5.17357e-18
    9642.05  5.61110e-17 -9.90000e+01  5.17771e-18
    9643.58  5.44410e-17 -9.90000e+01  5.18193e-18
    9645.10  5.48660e-17 -9.90000e+01  5.18622e-18
    9646.62  5.91510e-17 -9.90000e+01  5.19058e-18
    9648.15  5.81540e-17 -9.90000e+01  5.19501e-18
    9649.67  5.60090e-17 -9.90000e+01  5.19951e-18
    9651.20  5.47820e-17 -9.90000e+01  5.20408e-18
    9652.72  5.32000e-17 -9.90000e+01  5.20873e-18
    9654.25  5.28510e-17 -9.90000e+01  5.21344e-18
    9655.77  5.79310e-17 -9.90000e+01  5.21823e-18
    9657.30  5.67920e-17 -9.90000e+01  5.22309e-18
    9658.83  4.88510e-17 -9.90000e+01  5.22802e-18
    9660.35  5.27090e-17 -9.90000e+01  5.23302e-18
    9661.88  5.54220e-17 -9.90000e+01  5.23809e-18
    9663.40  5.37450e-17 -9.90000e+01  5.24323e-18
    9664.92  4.71380e-17 -9.90000e+01  5.24845e-18
    9666.45  5.00030e-17 -9.90000e+01  5.25373e-18
    9667.97  6.02600e-17 -9.90000e+01  5.25908e-18
    9669.50  5.86120e-17 -9.90000e+01  5.26450e-18
    9671.02  5.80480e-17 -9.90000e+01  5.26999e-18
    9672.55  5.53270e-17 -9.90000e+01  5.27555e-18
    9674.08  4.75170e-17 -9.90000e+01  5.28118e-18
    9675.60  4.98520e-17 -9.90000e+01  5.28687e-18
    9677.12  5.77820e-17 -9.90000e+01  5.29263e-18
    9678.65  5.91540e-17 -9.90000e+01  5.29846e-18
    9680.17  5.69440e-17 -9.90000e+01  5.30436e-18
    9681.70  5.98000e-17 -9.90000e+01  5.31032e-18
    9683.23  5.64650e-17 -9.90000e+01  5.31635e-18
    9684.75  4.86830e-17 -9.90000e+01  5.32245e-18
    9686.27  5.40780e-17 -9.90000e+01  5.32860e-18
    9687.80  5.52710e-17 -9.90000e+01  5.33483e-18
    9689.33  5.48370e-17 -9.90000e+01  5.34111e-18
    9690.85  5.56110e-17 -9.90000e+01  5.34746e-18
    9692.38  5.39620e-17 -9.90000e+01  5.35387e-18
    9693.90  6.28990e-17 -9.90000e+01  5.36035e-18
    9695.42  5.85840e-17 -9.90000e+01  5.36688e-18
    9696.95  4.53660e-17 -9.90000e+01  5.37348e-18
    9698.48  6.29460e-17 -9.90000e+01  5.38013e-18
    9700.00  6.33000e-17 -9.90000e+01  5.38685e-18
    9701.52  4.86130e-17 -9.90000e+01  5.39362e-18
    9703.05  5.69360e-17 -9.90000e+01  5.40045e-18
    9704.58  5.21070e-17 -9.90000e+01  5.40734e-18
    9706.10  4.69390e-17 -9.90000e+01  5.41429e-18
    9707.62  4.99920e-17 -9.90000e+01  5.42129e-18
    9709.15  4.85210e-17 -9.90000e+01  5.42835e-18
    9710.67  5.47220e-17 -9.90000e+01  5.43546e-18
    9712.20  5.38470e-17 -9.90000e+01  5.44262e-18
    9713.73  4.42910e-17 -9.90000e+01  5.44984e-18
    9715.25  5.63230e-17 -9.90000e+01  5.45710e-18
    9716.77  6.14040e-17 -9.90000e+01  5.46442e-18
    9718.30  6.22240e-17 -9.90000e+01  5.47179e-18
    9719.83  4.77340e-17 -9.90000e+01  5.47921e-18
    9721.35  5.52040e-17 -9.90000e+01  5.48668e-18
    9722.88  7.48180e-17 -9.90000e+01  5.49419e-18
    9724.40  6.98590e-17 -9.90000e+01  5.50176e-18
    9725.92  6.25660e-17 -9.90000e+01  5.50936e-18
    9727.45  5.64590e-17 -9.90000e+01  5.51702e-18
    9728.98  5.67340e-17 -9.90000e+01  5.52471e-18
    9730.50  5.90010e-17 -9.90000e+01  5.53245e-18
    9732.02  5.22290e-17 -9.90000e+01  5.54024e-18
    9733.55  4.74030e-17 -9.90000e+01  5.54806e-18
    9735.08  4.30960e-17 -9.90000e+01  5.55593e-18
    9736.60  4.64170e-17 -9.90000e+01  5.56383e-18
    9738.12  6.24160e-17 -9.90000e+01  5.57178e-18
    9739.65  6.60460e-17 -9.90000e+01  5.57976e-18
    9741.17  5.51000e-17 -9.90000e+01  5.58778e-18
    9742.70  5.37240e-17 -9.90000e+01  5.59583e-18
    9744.23  5.59440e-17 -9.90000e+01  5.60392e-18
    9745.75  5.55410e-17 -9.90000e+01  5.61205e-18
    9747.27  4.76640e-17 -9.90000e+01  5.62020e-18
    9748.80  4.87130e-17 -9.90000e+01  5.62839e-18
    9750.33  5.54330e-17 -9.90000e+01  5.63661e-18
    9751.85  5.91750e-17 -9.90000e+01  5.64487e-18
    9753.38  6.17840e-17 -9.90000e+01  5.65315e-18
    9754.90  5.78490e-17 -9.90000e+01  5.66146e-18
    9756.42  5.34410e-17 -9.90000e+01  5.66979e-18
    9757.95  4.87370e-17 -9.90000e+01  5.67816e-18
    9759.48  4.85410e-17 -9.90000e+01  5.68655e-18
    9761.00  5.33760e-17 -9.90000e+01  5.69496e-18
    9762.52  5.20520e-17 -9.90000e+01  5.70340e-18
    9764.05  4.60460e-17 -9.90000e+01  5.71186e-18
    9765.58  4.43320e-17 -9.90000e+01  5.72034e-18
    9767.10  5.10810e-17 -9.90000e+01  5.72885e-18
    9768.62  5.78500e-17 -9.90000e+01  5.73737e-18
    9770.15  5.65400e-17 -9.90000e+01  5.74591e-18
    9771.67  5.34420e-17 -9.90000e+01  5.75447e-18
    9773.20  5.53710e-17 -9.90000e+01  5.76305e-18
    9774.73  6.00850e-17 -9.90000e+01  5.77165e-18
    9776.25  6.27430e-17 -9.90000e+01  5.78026e-18
    9777.77  5.77570e-17 -9.90000e+01  5.78888e-18
    9779.30  5.16160e-17 -9.90000e+01  5.79752e-18
    9780.83  5.24240e-17 -9.90000e+01  5.80617e-18
    9782.35  5.47650e-17 -9.90000e+01  5.81483e-18
    9783.88  5.52880e-17 -9.90000e+01  5.82350e-18
    9785.40  5.46070e-17 -9.90000e+01  5.83218e-18
    9786.92  5.60110e-17 -9.90000e+01  5.84088e-18
    9788.45  6.21780e-17 -9.90000e+01  5.84957e-18
    9789.98  6.69180e-17 -9.90000e+01  5.85828e-18
    9791.50  5.52660e-17 -9.90000e+01  5.86699e-18
    9793.02  3.82570e-17 -9.90000e+01  5.87571e-18
    9794.55  4.75950e-17 -9.90000e+01  5.88444e-18
    9796.08  4.30860e-17 -9.90000e+01  5.89316e-18
    9797.60  3.49370e-17 -9.90000e+01  5.90189e-18
    9799.12  4.59190e-17 -9.90000e+01  5.91062e-18
    9800.65  4.54260e-17 -9.90000e+01  5.91936e-18
    9802.17  4.97940e-17 -9.90000e+01  5.92809e-18
    9803.70  6.19400e-17 -9.90000e+01  5.93682e-18
    9805.23  5.47460e-17 -9.90000e+01  5.94555e-18
    9806.75  5.48200e-17 -9.90000e+01  5.95428e-18
    9808.27  5.66220e-17 -9.90000e+01  5.96301e-18
    9809.80  5.57250e-17 -9.90000e+01  5.97173e-18
    9811.33  5.29070e-17 -9.90000e+01  5.98045e-18
    9812.85  4.44080e-17 -9.90000e+01  5.98916e-18
    9814.38  4.22870e-17 -9.90000e+01  5.99787e-18
    9815.90  4.21020e-17 -9.90000e+01  6.00657e-18
    9817.42  4.22250e-17 -9.90000e+01  6.01526e-18
    9818.95  5.51390e-17 -9.90000e+01  6.02395e-18
    9820.48  6.09170e-17 -9.90000e+01  6.03262e-18
    9822.00  5.98530e-17 -9.90000e+01  6.04129e-18
    9823.52  6.26520e-17 -9.90000e+01  6.04994e-18
    9825.05  5.58270e-17 -9.90000e+01  6.05859e-18
    9826.58  5.66860e-17 -9.90000e+01  6.06722e-18
    9828.10  5.35310e-17 -9.90000e+01  6.07584e-18
    9829.62  4.97550e-17 -9.90000e+01  6.08444e-18
    9831.15  5.28150e-17 -9.90000e+01  6.09303e-18
    9832.67  4.80320e-17 -9.90000e+01  6.10161e-18
    9834.20  4.65820e-17 -9.90000e+01  6.11017e-18
    9835.73  5.20160e-17 -9.90000e+01  6.11872e-18
    9837.25  5.94940e-17 -9.90000e+01  6.12725e-18
    9838.77  5.68130e-17 -9.90000e+01  6.13576e-18
    9840.30  5.46860e-17 -9.90000e+01  6.14425e-18
    9841.83  5.43360e-17 -9.90000e+01  6.15273e-18
    9843.35  5.41430e-17 -9.90000e+01  6.16119e-18
    9844.88  6.11000e-17 -9.90000e+01  6.16962e-18
    9846.40  6.29450e-17 -9.90000e+01  6.17804e-18
    9847.92  5.73030e-17 -9.90000e+01  6.18644e-18
    9849.45  4.80120e-17 -9.90000e+01  6.19481e-18
    9850.98  4.96040e-17 -9.90000e+01  6.20317e-18
    9852.50  5.34620e-17 -9.90000e+01  6.21150e-18
    9854.02  5.96530e-17 -9.90000e+01  6.21981e-18
    9855.55  6.17040e-17 -9.90000e+01  6.22809e-18
    9857.08  5.07570e-17 -9.90000e+01  6.23635e-18
    9858.60  5.10390e-17 -9.90000e+01  6.24459e-18
    9860.12  5.63890e-17 -9.90000e+01  6.25280e-18
    9861.65  5.73500e-17 -9.90000e+01  6.26098e-18
    9863.17  6.02170e-17 -9.90000e+01  6.26914e-18
    9864.70  5.38460e-17 -9.90000e+01  6.27728e-18
    9866.23  5.15560e-17 -9.90000e+01  6.28538e-18
    9867.75  6.53020e-17 -9.90000e+01  6.29346e-18
    9869.27  5.25090e-17 -9.90000e+01  6.30151e-18
    9870.80  6.69270e-17 -9.90000e+01  6.30954e-18
    9872.33  7.30010e-17 -9.90000e+01  6.31753e-18
    9873.85  4.41670e-17 -9.90000e+01  6.32550e-18
    9875.38  5.03860e-17 -9.90000e+01  6.33344e-18
    9876.90  5.77690e-17 -9.90000e+01  6.34134e-18
    9878.42  5.00850e-17 -9.90000e+01  6.34922e-18
    9879.95  5.72720e-17 -9.90000e+01  6.35706e-18
    9881.48  6.24220e-17 -9.90000e+01  6.36488e-18
    9883.00  5.90570e-17 -9.90000e+01  6.37266e-18
    9884.52  5.63770e-17 -9.90000e+01  6.38042e-18
    9886.05  5.60040e-17 -9.90000e+01  6.38814e-18
    9887.58  5.15350e-17 -9.90000e+01  6.39583e-18
    9889.10  5.02720e-17 -9.90000e+01  6.40348e-18
    9890.62  5.46510e-17 -9.90000e+01  6.41110e-18
    9892.15  5.39560e-17 -9.90000e+01  6.41869e-18
    9893.67  5.44790e-17 -9.90000e+01  6.42625e-18
    9895.20  5.49940e-17 -9.90000e+01  6.43377e-18
    9896.73  4.74510e-17 -9.90000e+01  6.44126e-18
    9898.25  5.00480e-17 -9.90000e+01  6.44871e-18
    9899.77  5.47190e-17 -9.90000e+01  6.45613e-18
    9901.30  4.89250e-17 -9.90000e+01  6.46352e-18
    9902.83  5.69440e-17 -9.90000e+01  6.47087e-18
    9904.35  6.57010e-17 -9.90000e+01  6.47818e-18
    9905.88  6.24840e-17 -9.90000e+01  6.48546e-18
    9907.40  5.99230e-17 -9.90000e+01  6.49270e-18
    9908.92  6.02570e-17 -9.90000e+01  6.49991e-18
    9910.45  6.21840e-17 -9.90000e+01  6.50708e-18
    9911.98  4.67220e-17 -9.90000e+01  6.51421e-18
    9913.50  2.67960e-17 -9.90000e+01  6.52131e-18
    9915.02  2.54710e-17 -9.90000e+01  6.52837e-18
    9916.55  3.43580e-17 -9.90000e+01  6.53539e-18
    9918.08  4.66950e-17 -9.90000e+01  6.54238e-18
    9919.60  5.61250e-17 -9.90000e+01  6.54933e-18
    9921.12  5.15090e-17 -9.90000e+01  6.55624e-18
    9922.65  5.53410e-17 -9.90000e+01  6.56312e-18
    9924.17  6.21000e-17 -9.90000e+01  6.56995e-18
    9925.70  5.81060e-17 -9.90000e+01  6.57675e-18
    9927.23  4.96040e-17 -9.90000e+01  6.58351e-18
    9928.75  4.64550e-17 -9.90000e+01  6.59023e-18
    9930.27  4.76170e-17 -9.90000e+01  6.59692e-18
    9931.80  4.76080e-17 -9.90000e+01  6.60356e-18
    9933.33  4.95890e-17 -9.90000e+01  6.61017e-18
    9934.85  4.95240e-17 -9.90000e+01  6.61674e-18
    9936.38  4.65770e-17 -9.90000e+01  6.62327e-18
    9937.90  5.02540e-17 -9.90000e+01  6.62976e-18
    9939.42  3.73460e-17 -9.90000e+01  6.63621e-18
    9940.95  2.03150e-17 -9.90000e+01  6.64262e-18
    9942.48  3.18260e-17 -9.90000e+01  6.64899e-18
    9944.00  3.75190e-17 -9.90000e+01  6.65533e-18
    9945.52  3.28190e-17 -9.90000e+01  6.66162e-18
    9947.05  3.78090e-17 -9.90000e+01  6.66788e-18
    9948.58  5.02410e-17 -9.90000e+01  6.67410e-18
    9950.10  6.13650e-17 -9.90000e+01  6.68027e-18
    9951.62  6.15220e-17 -9.90000e+01  6.68641e-18
    9953.15  5.32750e-17 -9.90000e+01  6.69251e-18
    9954.67  3.73840e-17 -9.90000e+01  6.69857e-18
    9956.20  5.72420e-17 -9.90000e+01  6.70459e-18
    9957.73  5.82430e-17 -9.90000e+01  6.71057e-18
    9959.25  3.38640e-17 -9.90000e+01  6.71651e-18
    9960.77  4.25980e-17 -9.90000e+01  6.72241e-18
    9962.30  5.12880e-17 -9.90000e+01  6.72827e-18
    9963.83  3.97880e-17 -9.90000e+01  6.73409e-18
    9965.35  4.68240e-17 -9.90000e+01  6.73988e-18
    9966.88  5.48860e-17 -9.90000e+01  6.74562e-18
    9968.40  5.02710e-17 -9.90000e+01  6.75132e-18
    9969.92  4.91400e-17 -9.90000e+01  6.75699e-18
    9971.45  5.53410e-17 -9.90000e+01  6.76261e-18
    9972.98  4.87610e-17 -9.90000e+01  6.76819e-18
    9974.50  4.55100e-17 -9.90000e+01  6.77374e-18
    9976.03  5.32290e-17 -9.90000e+01  6.77925e-18
    9977.55  5.76290e-17 -9.90000e+01  6.78471e-18
    9979.08  5.62570e-17 -9.90000e+01  6.79014e-18
    9980.60  5.09530e-17 -9.90000e+01  6.79553e-18
    9982.12  4.98050e-17 -9.90000e+01  6.80087e-18
    9983.65  4.96000e-17 -9.90000e+01  6.80618e-18
    9985.17  4.34690e-17 -9.90000e+01  6.81145e-18
    9986.70  5.09650e-17 -9.90000e+01  6.81668e-18
    9988.23  4.92940e-17 -9.90000e+01  6.82188e-18
    9989.75  3.96440e-17 -9.90000e+01  6.82703e-18
    9991.28  4.08670e-17 -9.90000e+01  6.83214e-18
    9992.80  4.34440e-17 -9.90000e+01  6.83722e-18
    9994.33  4.11280e-17 -9.90000e+01  6.84225e-18
    9995.85  3.97210e-17 -9.90000e+01  6.84725e-18
    9997.38  4.15030e-17 -9.90000e+01  6.85221e-18
    9998.90  4.06160e-17 -9.90000e+01  6.85713e-18
   10000.42  3.40520e-17 -9.90000e+01  6.86201e-18
# -------------------------------------- #
